artist,id,genres,scrape_date
Mellow Swells,4Ufb5PrbE65tV9rddTJf6i,,2025-06-18 02:40:17
Easy Honey,5fKAYiCIzDsV8OqQDl8Erj,midwest emo,2025-06-18 02:40:17
The Thing,7dQ8sxeaPMgVhWn2R1jd9L,,2025-06-18 02:40:17
Carneyval,2L8dsMgFCSOumasWQ4gvwZ,,2025-06-18 02:40:17
Day We Ran,6dtbK89qIT2XjIsCQHjTxS,,2025-06-18 02:40:17
Vista Kicks,6wnSPJpmVKFcn1TpRl5Uli,,2025-06-18 02:40:17
Rebounder,2g2HWripkxzRZDZJ4KTBSB,,2025-06-18 02:40:17
Besphrenz,0VVJ5bIx1zXlBLi1GiP4yX,bedroom pop,2025-06-18 02:40:17
Knox Fortune,49O0SPoCoTiK2Nn2tOaHyU,,2025-06-18 02:40:17
femdot.,7aGhkUVp7V3klWfTFe7AHS,,2025-06-18 02:40:17
The Growlers,2RhgnQNC74QoBlaUvT4MEe,surf rock,2025-06-18 02:40:17
Sunset Avenue,3HNM9YjCmcGu7yA7npg510,,2025-06-18 02:40:17
Kembe X,4uc4iep3LqgSj8qN4kp7qD,,2025-06-18 02:40:17
Rocci,7JuMRNIHpmyFPoihd7NB7T,,2025-06-18 02:40:17
Aaron May,2rwALQ1SXdfUWPUd6WOfYS,,2025-06-18 02:40:17
Lou Phelps,74EhQOxqIuZSj1wsMLQabN,hip house,2025-06-18 02:40:17
binki,2jbd7OqeJJd1hz81vOXwwW,,2025-06-18 02:40:17
Adot,1ErzdgsL12unJZsJkqq85H,,2025-06-18 02:40:17
Orrin,57MSCk9ocHFyzO9phFgPt0,,2025-06-18 02:40:17
Pritty,1vJZhbUzq6DxjIxtikFk1v,hyperpop,2025-06-18 02:40:17
Herrick & Hooley,2mYXtuZvtMCHEtiJMC0h1g,bedroom pop,2025-06-18 02:40:17
Bryce Vine,1ShZZUjkbXCjhwrb18BA8I,,2025-06-18 02:40:17
Jorja Smith,1CoZyIx7UvdxT5c8UkMzHd,,2025-06-18 02:40:17
Kito,3FLUBwpAnaIlIKeaBfsxFe,,2025-06-18 02:40:17
Brent Faiyaz,3tlXnStJ1fFhdScmQeLpuG,r&b,2025-06-18 02:40:17
Genesis Owusu,1HvH97rzvCH6lfnLlgyfke,,2025-06-18 02:40:17
GoldLink,5XenQ7XfcvQdfIbpLEFaKQ,,2025-06-18 02:40:17
Brian Nasty,5RpQGZtxRWXdEZpV7gNdvM,,2025-06-18 02:40:17
Abhi The Nomad,1gUi2utSbJLNPddYENJAp4,,2025-06-18 02:40:17
Koko Deniro,1T7Qm8z8CJPD6ZkUDCRti6,,2025-06-18 02:40:17
Hans.,41azuh0IUq4g2UPySoYp8A,,2025-06-18 02:40:17
Heno.,3mr6jeVpPIXBp8IMMb60aD,,2025-06-18 02:40:17
Earl Sweatshirt,3A5tHz1SfngyOZM2gItYKu,experimental hip hop; alternative hip hop,2025-06-18 02:40:17
Rae Khalil,7cIx4IDh0zLqXBxuNSqFNq,,2025-06-18 02:40:17
TV Girl,0Y6dVaC9DZtPNH4591M42W,,2025-06-18 02:40:17
Whethan,0vqJkZ0RpLZixt3lTmD8vP,,2025-06-18 02:40:17
X Ambassadors,3NPpFNZtSTHheNBaWC82rB,,2025-06-18 02:40:17
Pell,2O2dI9lY9PnWtAa4OlrgMi,,2025-06-18 02:40:17
Marius,0dXCvd6lpLfZBKTFjUF1R3,,2025-06-18 02:40:17
Your Grandparents,4H2uN93zRcRAVmTINvxuiq,,2025-06-18 02:40:17
KAYTRANADA,6qgnBH6iDM91ipVXv28OMu,,2025-06-18 02:40:17
Matty,7K1kHQsB2m87TMVcDbZAfW,neo-psychedelic,2025-06-18 02:40:17
Calvin Priice,55Z3Xi6ID6z799AyGHjr6u,,2025-06-18 02:40:17
MIA GLADSTONE,6XoXNsXj8wck0oVUNwxcmF,,2025-06-18 02:40:17
Teedra Moses,6vfR5QRc3xca0KvpG8KZBE,,2025-06-18 02:40:17
Austin Millz,43UmVQp9qZILibJ5vHq21k,,2025-06-18 02:40:17
Wiley from Atlanta,6mkvJ6XHWVtPer8k0B0nTn,,2025-06-18 02:40:17
Palace,48vDIufGC8ujPuBiTxY8dm,,2025-06-18 02:40:17
Cupidon,1qz3nYVQit24tcOsCOdCvb,,2025-06-18 02:40:17
SLik d,4BIt12Sb6cfNxalNdEtbR5,jazz rap,2025-06-18 02:40:17
Kids Of 88,4XLDU2AQL3oFnd27IMcNqY,,2025-06-18 02:40:17
Carla the Poet,22cqc02gHQkxOfffYswvIt,,2025-06-18 02:40:17
88-Keys,6RedK3o51NbUJuJxXlT4kj,alternative hip hop,2025-06-18 02:40:17
Starz,4iN7npIRjlGTe2ueM2QRlQ,,2025-06-18 02:40:17
Malz Monday,3qIFdbarxYx2moJbhM1pLy,,2025-06-18 02:40:17
Summer Salt,3MATPJ9tYbcMhw5VOZrRU6,,2025-06-18 02:40:17
99 Neighbors,5uhqkMm8dyQvX83kl4Znq0,,2025-06-18 02:40:17
Oscar Welsh,5h7aN3xfMdLwyuopfgvtST,bedroom pop,2025-06-18 02:40:17
seeyousoon,2QFne35yv8Kjaey8tbYiT1,,2025-06-18 02:40:17
Chiiild,2YqJwmohaNjg9lg51flSax,indie r&b; alternative r&b,2025-06-18 02:40:17
Cosmo's Midnight,4VivsO1n4n2Mi2Btyb5gfL,,2025-06-18 02:40:17
Ozer,3J0qyBq8miao9sTXOlAkWp,,2025-06-18 02:40:17
Ryan Scott,5XhU9rfYBQBDGxujJiB3LJ,,2025-06-18 02:40:17
Tame Impala,5INjqkS1o8h1imAzPqGZBb,neo-psychedelic; indie,2025-06-18 02:40:17
Oscar Scheller,6BToM88XrzNI6VL5GxazUq,lo-fi indie,2025-06-18 02:40:17
BØRNS,1KP6TWI40m7p3QBTU6u2xo,,2025-06-18 02:40:17
Emotional Oranges,12trz2INGglrKMzLmg0y2C,indie r&b,2025-06-18 02:40:17
Yuno,36BjLtXEXIifbRrfc1Rtqa,,2025-06-18 02:40:17
Black Pumas,6eU0jV2eEZ8XTM7EmlguK6,retro soul,2025-06-18 02:40:17
Gerry Rafferty,7tjbDPvrdvDshcpEMXKRVb,yacht rock,2025-06-18 02:40:17
Anonymuz,625BWS4LmjJe3a82OCSFsm,,2025-06-18 02:40:17
Kota the Friend,2AfU5LYBVCiCtuCCfM7uVX,,2025-06-18 02:40:17
Mac Miller,4LLpKhyESsyAXpc4laK94U,,2025-06-18 02:40:17
WizTheMc,3ebS2RuCq8QeLyndUDmgB5,,2025-06-18 02:40:17
Phantogram,1l9d7B8W0IHy3LqWsxP2SH,,2025-06-18 02:40:17
Leon Thomas,0nnBZ8FXWjG9wZgM2cpfeb,,2025-06-18 02:40:17
KayCyy,7gmVTgaiN0gpDJKvTHPTRL,,2025-06-18 02:40:17
remote,5UBiyNOGQ38WLLtpL8ta5d,,2025-06-18 02:40:17
VIKA,6ZT8tFkvrEGyZLOeunvFMq,,2025-06-18 02:40:17
Futuristic,5Z5jUyiNvFaqp0EVyLNf0p,,2025-06-18 02:40:17
EARTHGANG,5MbNzCW3qokGyoo9giHA3V,,2025-06-18 02:40:17
Orville Peck,46auOkH1pk28rWrSoUNhLo,alt country,2025-06-18 02:40:17
Unknown Mortal Orchestra,1LeVJ5GPeYDOVUjxx1y7Rp,neo-psychedelic,2025-06-18 02:40:17
Steely Dan,6P7H3ai06vU1sGvdpBwDmE,yacht rock; classic rock,2025-06-18 02:40:17
Duke Dumont,61lyPtntblHJvA7FMMhi7E,house,2025-06-18 02:40:17
Stolen Gin,6sItBAb1Jl3KiNo6o3G0mG,,2025-06-18 02:40:17
Yellow House,2jAzx88tHo3KNYauXANisl,,2025-06-18 02:40:17
Young Thug,50co4Is1HCEo8bhOyUWKpn,rap; melodic rap; trap,2025-06-18 02:40:17
SEB,7oPxPZSk7y5q0fhzpmX5Gi,,2025-06-18 02:40:17
Cults,3Oim8XBPbznAa8Jj8QzNc8,,2025-06-18 02:40:17
Diplo,5fMUXHkw8R8eOP2RNVYEZX,moombahton,2025-06-18 02:40:17
The Black Keys,7mnBLXK823vNxN3UWB7Gfz,blues rock; garage rock; modern blues; rock,2025-06-18 02:40:17
Love,3Q6OOkfssqoMSTtl11J5Uk,psychedelic rock; acid rock; baroque pop; proto-punk,2025-06-18 02:40:17
HARBOUR,58bPSgeKpyyFlJ9LatULIO,,2025-06-18 02:40:17
Her's,77mJc3M7ZT5oOVM7gNdXim,indie,2025-06-18 02:40:17
The Nude Party,5BxtbtwwHXC3HA5kAn06sK,,2025-06-18 02:40:17
GRITS.,3YIeGcSj4eaH7HMrH1dRgP,,2025-06-18 02:40:17
Moxie,4K2IUtmY2APWh6mdxzBOZF,,2025-06-18 02:40:17
Betty Wright,0PDqlUGugF5Jt6DZyATvfz,classic soul; soul,2025-06-18 02:40:17
Cookin Soul,06s35sbFfZJUEwFjAaZfiW,,2025-06-18 02:40:17
Father John Misty,2kGBy2WHvF0VdZyqiVCkDT,,2025-06-18 02:40:17
Foxtide,5hTigSXgVwn9Mvaz8MBHxv,,2025-06-18 02:40:17
Kid Travis,6UWui6Csqc1ywqnDzjOWnk,,2025-06-18 02:40:17
ALEXSUCKS,0zmxCsd8aIJHfNC95gdT2i,,2025-06-18 02:40:17
Lil Silva,2Kv0ApBohrL213X9avMrEn,uk funky,2025-06-18 02:40:17
Heartless Bastards,2wwMTLM2da1sa2JcJslf8W,,2025-06-18 02:40:17
Travis Stacey,6C4mpyQuK5MYFUGsORJkYZ,,2025-06-18 02:40:17
Ocean Alley,18lpwfiys4GtdHWNUu9qQr,surf rock,2025-06-18 02:40:17
Grady Spencer & the Work,5QEQTOTzN3kxmK41BaLFK5,texas country; red dirt,2025-06-18 02:40:17
Tkay Maidza,1kMPdZQVdUhMDKDWOJM5iK,alternative r&b,2025-06-18 02:40:17
Wes Chiller,2Db2n5HtwOIHl77l8wlyQZ,,2025-06-18 02:40:17
Duffy,37NqXwtb6nIEqRt4EJSoIO,,2025-06-18 02:40:17
Marlon Craft,7MigDh04CCntQbsBvugEmb,,2025-06-18 02:40:17
Trevor Spitta,6uCXq7IoXFqGSB3L5zX5oV,,2025-06-18 02:40:17
CHLO,79xMVNlQxCnTOo4g0zgHY0,,2025-06-18 02:40:17
DON WEST,2FjzRd1bgtsmhESettmFAN,retro soul,2025-06-18 02:40:17
Danny Towers,4e5oZygHeeRoTXc00gYWiu,,2025-06-18 02:40:17
Mating Ritual,4ZeB1hzT2mSZrf7wszOqHs,,2025-06-18 02:40:17
easy over,3znR9HqGToy8cgeJ2f5mgg,,2025-06-18 02:40:17
Kevin Holliday,30VidDqHTbEp8U7CBe1mX0,indie r&b,2025-06-18 02:40:17
Racoma,3Y3bK9UlgDtqEfIwFUCLH0,,2025-06-18 02:40:17
San Cisco,0Ou0138wEd8XWebhc4j7O0,,2025-06-18 02:40:17
The Takes,22CxvQCHRWjDdy0nco4nch,,2025-06-18 02:40:17
The Bravery,2bcrMsFlF632EQ6VZERWFu,,2025-06-18 02:40:17
AWOLNATION,4njdEjTnLfcGImKZu1iSrz,,2025-06-18 02:40:17
Yeasayer,04HvbIwBccFmRie5ATX4ft,,2025-06-18 02:40:17
Arcy Drive,10DnTgFKn5wCd9RX15gRk7,,2025-06-18 02:40:17
Kate Brunotts,1vV2HAeSNkp97JK2tPpEoN,ballroom vogue,2025-06-18 02:40:17
The Boy from the South,0YSFw7zXzSXhzCIQsiZNvW,,2025-06-18 02:40:17
Drew Dolan,1yiAJFgwWWbuq8WKJAITAa,indie soul,2025-06-18 02:40:17
August Charles,36Lyedrxvj4wAPFvBK5O1S,,2025-06-18 02:40:17
Mac Saturn,1mhQaaVp2t1WobfIADrcd2,,2025-06-18 02:40:17
Camera Obscura,5gInJ5P5gQnOKPM3SUEVFt,indie pop,2025-06-18 02:40:17
Bennett Coast,5JKePhHHAtaMvBoWuULgm6,,2025-06-18 02:40:17
Dawes,0CDUUM6KNRvgBFYIbWxJwV,americana; alt country,2025-06-18 02:40:17
JOSEPH,5Wfvw7rDz7HA6gE2z6QhqO,folk pop,2025-06-18 02:40:17
Sugadaisy,0eGAT5gCCSuMjddCUkGqeZ,,2025-06-18 02:40:17
Adam Gardiner,0O0AQ5kLlzNlWxfDW707Cw,indie soul; retro soul,2025-06-18 02:40:17
Magnetize,2TCY3e5lGnjCOBc2w4FPz5,,2025-06-18 02:40:17
Tommy Newport,7FvQR6QFfXmW18dyMqnHvv,,2025-06-18 02:40:17
JDM Global,3wFZTYWrzLzOf8OICy9fBl,,2025-06-18 02:40:17
Royel Otis,5b5bt4mZQpJMoCRbiQ7diH,indie,2025-06-18 02:40:17
maderanged,4mZxIoOFeCigWYzTx9Wjf9,,2025-06-18 02:40:17
Próxima Parada,43cM1JWUzdfkZCi7rjkPnz,,2025-06-18 02:40:17
Baird,7GdGZWPHxDEu0ppvLoB4GO,,2025-06-18 02:40:17
Topaz Jones,76bAuLD5jMIT1YDJ84KB8l,,2025-06-18 02:40:17
Cap'n Marble,4AcVHpBiv1jyH1UkH0Ujod,,2025-06-18 02:40:17
dev soter,72o6x8c93sNk9FjARfRyCy,,2025-06-18 02:40:17
Shayhan,5bqTDHeDDzXWCdN4bKtVbz,,2025-06-18 02:40:17
Daily J,5Eu1oxL5oJhJxbRZYuuJEs,surf rock,2025-06-18 02:40:17
Domo Genesis,6vHBuUxrcpn1do5UaEJ7g6,,2025-06-18 02:40:17
Malcolm Todd,7eKkW1zo5uzW8kUntiiBvz,,2025-06-18 02:40:17
PawPaw Rod,23KIrX6iPiVOkx60F4bjNq,indie r&b,2025-06-18 02:40:17
The Moss,4wPeDqxPKkBN50kr8XhEma,,2025-06-18 02:40:17
Six Foot Blonde,221FT80tDz6lzvz4U1ySSe,indie soul,2025-06-18 02:40:17
Arcy Drive,7o1TBmx7Ube5h2Czlam84O,,2025-06-18 02:40:17
Chavín,5lWSyc8nwsLwYebEatwbRL,,2025-06-18 02:40:17
Kyle Stockman,1tuB0DnwhxU9xeG4W8UMba,,2025-06-18 02:40:17
Grey Oakes,2su9PLwnsCwRW2tCYSVaNg,,2025-06-18 02:40:17
Ditch Days,3B3nEiNlMRAHeSF9hfVyi2,,2025-06-18 02:40:17
Carter Vail,4Bu9DnBZ12oX7MiiaJy9hK,,2025-06-18 02:40:17
Zubi,1u58ZRn45A7jc3QmucALbY,afro r&b,2025-06-18 02:40:17
Edgehill,0lzGqksyREdfUObGjLYLcT,,2025-06-18 02:40:17
Morphine,3QgSmABpItIdj908ek80n5,,2025-06-18 02:40:17
CARRTOONS,0994Up3Ob4zUFm3OFOWpzJ,retro soul,2025-06-18 02:40:17
Lush Son,4BvEsQwgebkpPqumb4b65e,german indie,2025-06-18 02:40:17
Big Wheels,0tSStztUA6Hkk2Z7tGLLtd,,2025-06-18 02:40:17
Feed Me Jack,2eBmUbHKMQCAdD824cSiIL,math rock,2025-06-18 02:40:17
Noah Richardson,360NtdnCpSL0T7eyEphdWW,,2025-06-18 02:40:17
Orion Sun,2efrqekWSHlvhATD50AG3m,alternative r&b; bedroom pop,2025-06-18 02:40:17
Beck,3vbKDsSS70ZX9D2OcvbZmS,anti-folk,2025-06-18 02:40:17
Cardinal Bloom,1kL35cnfsVSfKJ6xLk0K9f,,2025-06-18 02:40:17
Bakar,3K2Srho6NCF3o9MswGR76H,,2025-06-18 02:40:17
"hey, nothing",6YWqJQS9TETSb8LgZONUzI,midwest emo,2025-06-18 02:40:17
ODESZA,21mKp7DqtSNHhCAU2ugvUw,chillwave; chillstep,2025-06-18 02:40:17
Ashes To Amber,1VjLe0p8LUFKPbyKaQZAgu,,2025-06-18 02:40:17
Fred again..,4oLeXFyACqeem2VImYeBFe,stutter house; house,2025-06-18 02:40:17
extremely bad man,5uPKpDpTOvt1ZOV8DLapRK,,2025-06-18 02:40:17
Jack LaRue,2W3vvw6pqPyCEoBWSBTp37,,2025-06-18 02:40:17
The Hails,3g65HWtAf8uyVmpR4sRbrT,,2025-06-18 02:40:17
redveil,5BwsX8bXOFC1YnqSlyfOKM,alternative hip hop; experimental hip hop; underground hip hop,2025-06-18 02:40:17
My Morning Jacket,43O3c6wewpzPKwVaGEEtBM,jam band; alt country,2025-06-18 02:40:17
Okey Dokey,3hSFS64223jyO9Ck66rLOf,,2025-06-18 02:40:17
Pity Party (Girls Club),5J3QKfJDFyjR3Q2qRcRaIU,,2025-06-18 02:40:17
Best Coast,5YkBrE0wF8cAlq3GCOw5Eu,surf rock,2025-06-18 02:40:17
KAMAUU,3IAQ6JspwRCPY06WXnaguc,,2025-06-18 02:40:17
Emerson Bruno,14vZVyb27wOyXPzKp4wtDe,,2025-06-18 02:40:17
Alabama Shakes,16GcWuvvybAoaHr0NqT8Eh,,2025-06-18 02:40:17
Broken Bells,6dgwEwnK0YtDfS9XhRwBTG,,2025-06-18 02:40:17
Habe,2BugRvdm3aasWYT3VthewW,,2025-06-18 02:40:17
Paolo Nutini,7x5rK9BClDQ8wmCkYAGsQp,,2025-06-18 02:40:17
Harlem,4PWqvc4ydEyoyBhXPOxDyy,garage rock; surf rock,2025-06-18 02:40:17
Empire Of The Sun,67hb7towEyKvt5Z8Bx306c,,2025-06-18 02:40:17
Slow Pulp,2JFTRDi5v7JtqoouVe1z5D,,2025-06-18 02:40:17
Dehd,6yzuBFtT6dK2aQMZJZtcB1,,2025-06-18 02:40:17
ENNY,3qEnCAnX23lvoxZYtBiPgL,uk r&b; alternative r&b,2025-06-18 02:40:17
The Districts,3HZgaiR960RFqx9d4LPraD,,2025-06-18 02:40:17
Andrew Bird,4uSftVc3FPWe6RJuMZNEe9,baroque pop; indie folk,2025-06-18 02:40:17
Dr. Dog,4mLJ3XfOM5FPjSAWdQ2Jk7,,2025-06-18 02:40:17
Yot Club,6FugQjLquBF4JzATRN70bR,bedroom pop,2025-06-18 02:40:17
The Arcs,3mVWMgLc7bcyCBtL2ymZwK,,2025-06-18 02:40:17
The Symposium,2FQgnKHydnhSnRS17BSy28,,2025-06-18 02:40:17
Marlon Funaki,3BcSXip92N0HwJRA9sVmP6,,2025-06-18 02:40:17
Odd Sweetheart,0Re7wtl0w6niMZR0GfROpg,,2025-06-18 02:40:17
Claud,5MaQlvNGOaTj39apHsXVq1,bedroom pop; indie pop,2025-06-18 02:40:17
Hall Johnson,0h3htFOEdMcLUfAV6wPlwW,,2025-06-18 02:40:17
The Vaccines,0Ak6DLKHtpR6TEEnmcorKA,indie; indie rock,2025-06-18 02:40:17
Mt. Joy,69tiO1fG8VWduDl3ji2qhI,,2025-06-18 02:40:17
Jordan Dean,01cC5vPoDJpEVfC3xea8ub,,2025-06-18 02:40:17
The Ninjas,0KrqTC31FtI0EMwX3KSpdw,,2025-06-18 02:40:17
The Last Dinner Party,5SHgclK1ZpTdfdAmXW7J6s,,2025-06-18 02:40:17
Vacations,0U7iI0Dk4Ojvi17nZboNO4,,2025-06-18 02:40:17
The Braymores,7CrVM33l2Pt32fCxJWGVw6,,2025-06-18 02:40:17
Oracle Sisters,2S11VlKvbvSKyyb7Wk4YP1,,2025-06-18 02:40:17
The Criticals,6ArhcOX0zzUe8GDzLTgBrK,,2025-06-18 02:40:17
Twin Peaks,1xD85sp0kecIVuMwUHShxs,,2025-06-18 02:40:17
Good Neighbours,52N3KGrTWDRhdQJrgBTofE,,2025-06-18 02:40:17
Allah-Las,2yDodJUwXfdHzg4crwslUp,surf rock; neo-psychedelic; psychedelic rock,2025-06-18 02:40:17
Declan McKenna,2D4FOOOtWycb3Aw9nY5n3c,,2025-06-18 02:40:17
Cottonwood Firing Squad,2bmhdBR4FyCbRIBSFoLTuE,,2025-06-18 02:40:17
Ethan Regan,3UNkRVGHGCrGCE0930Bt9e,,2025-06-18 02:40:17
FARR,0eHwH1Ze2lRt6KOGw1T3rq,,2025-06-18 02:40:17
The Backfires,2wMknlekLTOb4vRWn61NO5,,2025-06-18 02:40:17
Lime Cordiale,6yrtCy4XJHXM6tczo4RlTs,surf rock,2025-06-18 02:40:17
Blue Öyster Cult,00tVTdpEhQQw1bqdu8RCx2,classic rock; hard rock,2025-06-18 02:40:17
Dogpark,2VlmDb05CPERyCZfmZI3x7,,2025-06-18 02:40:17
YG Marley,0n4Fao9kbjgM76RmVlfSwr,,2025-06-18 02:40:17
Flamingos in the Tree,6vlIU8EPUqfIpf5CpkfzIe,,2025-06-18 02:40:17
Chandler Kosterman,1VAdxgSgTeKEZ5pZY3EHpw,,2025-06-18 02:40:17
STAHR,5jnX3lMH8DgnskEacTxRYA,,2025-06-18 02:40:17
Portugal. The Man,4kI8Ie27vjvonwaB2ePh8T,,2025-06-18 02:40:17
Pink Skies,52hSI2C4N5tiTqSRIvWfyV,,2025-06-18 02:40:17
Dutch Criminal Record,5h6KJPKB8cSVJTWZhKAZoT,,2025-06-18 02:40:17
Jake Bugg,4hf3caW9H8uFwwbv5pFjcg,,2025-06-18 02:40:17
Pan Arcadia,1eIFYyCbgvc6LT4ViIveax,,2025-06-18 02:40:17
Vortxz,1IRl7g7pauvhROf85dKAP8,mexican indie; latin indie,2025-06-18 02:40:17
Fudge,4B7UnUpRPBtn1KkwndsNfy,,2025-06-18 02:40:17
MOTO BANDIT,5eMzbeca8z31KcAKRGaGpJ,,2025-06-18 02:40:17
The Tin Heads,4cUTCBFRrAmcGu9oX3ijox,,2025-06-18 02:40:17
The Technicolors,6hQS54VPpxunuwR0W7usuo,,2025-06-18 02:40:17
Pretty Jane,6epJ25SOjrUlNIH80KKluq,,2025-06-18 02:40:17
Hamilton Leithauser,3ZXXJ9nO1Dn9B0AJ25eAQY,,2025-06-18 02:40:17
Kids That Fly,1qChcfwij4nN6hsCLTKBJX,,2025-06-18 02:40:17
Congress The Band,4LuzeYhmxPW7iKWUXmyb10,,2025-06-18 02:40:17
Coral Bank Hollow,0JOY1f8W31tqVf5EaBoRbS,,2025-06-18 02:40:17
Mo Lowda & the Humble,3P3iJ6AlAdlb4tYAu00Fhk,,2025-06-18 02:40:17
Masego,3ycxRkcZ67ALN3GQJ57Vig,,2025-06-18 02:40:17
The Crystal Casino Band,1ZOITEwKW2JCm6HDS96hwF,,2025-06-18 02:40:17
Rec Hall,7n0i6RECXvCkOElGs6IP97,,2025-06-18 02:40:17
Winyah,4iyP4VOGOLzbt2Vxcyu6zG,,2025-06-18 02:40:17
Vini Vici,29zsVzEH33dD5QqxeL8dvy,psytrance; trance,2025-06-18 02:40:17
Bassjackers,6xQvQwZQQuq9R3TdPNbcR8,big room; edm,2025-06-18 02:40:17
Hardwell,6BrvowZBreEkXzJQMpL174,big room; edm; progressive house; electronica,2025-06-18 02:40:17
R3HAB,6cEuCEZu7PAE9ZSzLLc2oQ,slap house; edm,2025-06-18 02:40:17
David Guetta,1Cs0zKBU1kc0i8ypK3B9ai,edm; dance,2025-06-18 02:40:17
Thomas Gold,1XLjkBxFokuDTlHt0mQkRe,big room; progressive house,2025-06-18 02:40:17
POINT BLVNK,2X1Ahr4NhjCRAzIYy2NuVp,tropical house; melbourne bounce,2025-06-18 02:40:17
W&W,2rTo8KIkBTFjQS7VvaKYQ4,big room; edm,2025-06-18 02:40:17
DJ Sammy,4z4m1P0iX2nRSPDBEZ8LBT,eurodance,2025-06-18 02:40:17
VIZE,09agIJMxCD2k87ys9Al0f0,slap house,2025-06-18 02:40:17
KRIS DAM,1ZYDhdvvVfGZrS8iKHlZIk,,2025-06-18 02:40:17
Aftershock,6KlY7jizsLWQcXR1F2Sn9j,hardstyle; frenchcore; hardcore,2025-06-18 02:40:17
Mondello'G,77lzQa2JgjlkP4uA5ptyo7,hypertechno; techno,2025-06-18 02:40:17
Artix,3D0EZozLIGp14YnaWCBTYh,happy hardcore; hardstyle,2025-06-18 02:40:17
Axwell,1xNmvlEiICkRlRGqlNFZ43,edm,2025-06-18 02:40:17
Stylar,7hnIK6LZc8UMGSAVXRsELx,hardstyle,2025-06-18 02:40:17
Bassfreq,0gVJvUQKE5NY2ewLTi4nvC,hardstyle,2025-06-18 02:40:17
Armin van Buuren,0SfsnGyD8FpIN4U4WCkBZ5,trance; progressive trance; progressive house; electronica; edm,2025-06-18 02:40:17
Avicii,1vCWHaC5f2uS3yhpwWbIA6,edm,2025-06-18 02:40:17
Martin Garrix,60d24wfXkVzDSfLS6hyCjZ,edm; electronica; progressive house,2025-06-18 02:40:17
KAZERR,559IFMIT4sZ4gh7MZvkrhk,trance,2025-06-18 02:40:17
TOM BVRN,2aAqGSshINT2rGIBIfzwBq,,2025-06-18 02:40:17
ASTOR,3My8e3DuKpRo0uhuIX5lpR,progressive house,2025-06-18 02:40:17
Avorra,2AKj4BH3WLEG16rMhb19aA,,2025-06-18 02:40:17
Dovble V,5pjzgSfbCfOrs50NIGKwQL,big room,2025-06-18 02:40:17
Caro van Ee,2MXVI1HEhieqtpcvEHVY4M,hypertechno,2025-06-18 02:40:17
Andrew Rayel,1UtBjqMZBAmqIPlDrKu7Tr,trance; progressive trance,2025-06-18 02:40:17
ALPHI,6TUS92w9xO24LS2EzuRR2M,,2025-06-18 02:40:17
Treals,58EFkgAfyVHVIZG2fE6vgL,,2025-06-18 02:40:17
Lawstylez,6VBSwCRUCT6b3igxW6VfJZ,hypertechno; hardstyle,2025-06-18 02:40:17
Naeleck,2DYDFBqoaBP2i9XrTGpOgF,electro house; hypertechno,2025-06-18 02:40:17
BEAUZ,2Wzb0u138rgoZQTK3ytknT,hard techno,2025-06-18 02:40:17
DJ MNS,6R08JmK5MwZfOUw1OOJ5bf,,2025-06-18 02:40:17
Maddix,0RMeG9M8QFzss9bAbq99KA,big room; techno; hard techno; acid techno; hypertechno,2025-06-18 02:40:17
Dynoro,3v6Ji4uoWtKRkhuDUaxi9n,,2025-06-18 02:40:17
DubVision,3XINWZaloea97SIRiyTJxX,progressive house; big room; edm,2025-06-18 02:40:17
The Temper Trap,4W48hZAnAHVOC2c8WH8pcq,,2025-06-18 02:40:17
Franco Capraro,0yNmLs8LgvMp7YVIYawkwK,hypertechno,2025-06-18 02:40:17
MORTEN,19HFRWmRCl27kTk6LeqAO8,,2025-06-18 02:40:17
Don Diablo,1l2ekx5skC4gJH8djERwh1,future house; edm,2025-06-18 02:40:17
Sebastian Ingrosso,6hyMWrxGBsOx6sWcVj1DqP,edm,2025-06-18 02:40:17
Federico Pedone,6KvqGsG8mdlTUZEipjULVR,hypertechno; big room,2025-06-18 02:40:17
culineR,2qjffj1WyswrFJDcxLM9ch,,2025-06-18 02:40:17
Gabry Ponte,5ENS85nZShljwNgg4wFD7D,slap house; italo dance,2025-06-18 02:40:17
LNY TNZ,1x0ScxgiyFRQDKT4VwcLHa,hardstyle,2025-06-18 02:40:17
Razzix,1ok4cvqm5Bp9wYHUCqHDuQ,happy hardcore; hardstyle,2025-06-18 02:40:17
Resensed,630YbN3MWwgBS7ZS2KIwHv,hardstyle,2025-06-18 02:40:17
MaRLo,2kd1zg9ZyGG6WjZO2dAsFd,trance; progressive trance,2025-06-18 02:40:17
Billy Gillies,0kmovylAP20DMJhS3BE2CO,trance,2025-06-18 02:40:17
Trance Wax,28Rn5KfDspTUHLpPfPF8EE,trance; progressive trance,2025-06-18 02:40:17
Infected Mushroom,6S2tas4z6DyIklBajDqJxI,psytrance; trance,2025-06-18 02:40:17
Giorgia Angiuli,4iHnLagnnmgiIwMSm1wuTq,melodic techno; melodic house; techno; minimal techno,2025-06-18 02:40:17
TERRA,6EMXsJEdrX9vLI7DWSjG5l,psytrance; trance; progressive trance,2025-06-18 02:40:17
nilsix,00S0dnexJEwjUFTEMTUC9I,trance; progressive trance,2025-06-18 02:40:17
Greg Downey,5g5gfQk7ayB806jZ9FFCjL,trance; progressive trance,2025-06-18 02:40:17
Héctor Oaks,2FZAQdFEANNv5Gi29PI10x,techno; acid techno; hard techno,2025-06-18 02:40:17
Talla 2XLC,4cc7cII4mEQqKtczWKQVjJ,trance; progressive trance,2025-06-18 02:40:17
Ruben de Ronde,3q7BRw9D1DupXTONJdr94m,trance; progressive trance; progressive house,2025-06-18 02:40:17
Above & Beyond,10gzBoINW3cLJfZUka8Zoe,trance; progressive trance; progressive house,2025-06-18 02:40:17
Blastoyz,6WLP1sraOcF3Gaxp7xBa4p,psytrance; trance; progressive trance,2025-06-18 02:40:17
Allen Watts,04FzGJxkYQ7zIRoCLQzLqR,trance; progressive trance,2025-06-18 02:40:17
John O'Callaghan,6H2JQ8igAAa5UBr2u496mb,trance; progressive trance,2025-06-18 02:40:17
Miyuki,3jy26GTtKFUsM26F4bUlwK,trance,2025-06-18 02:40:17
Leena Punks,4v86SW8ZXq6cYAvMnaqYWt,progressive trance,2025-06-18 02:40:17
Alex M.O.R.P.H.,478tAnskSff0wa0XxnpwmW,trance; progressive trance,2025-06-18 02:40:17
Markus Schulz,6OO0PboZcIWUWL7j2IyeoL,trance; progressive trance,2025-06-18 02:40:17
Giuseppe Ottaviani,5B9q1NRokzWYB7nSgnlHyv,trance; progressive trance,2025-06-18 02:40:17
David Forbes,3kwdB3aUfg0uneHczX2vTG,trance; progressive trance,2025-06-18 02:40:17
Avalon,0SFwBkGokPRtTX212zO7xo,psytrance; trance; progressive trance,2025-06-18 02:40:17
Harshil Kamdar,7BTbq5jH8tND6FAN6qoey2,trance; progressive trance,2025-06-18 02:40:17
Ritmo,0wMIF9I7QQ57UFojC0KQRT,psytrance; progressive trance; trance,2025-06-18 02:40:17
Paul Denton,2fKsd61swALXCOUa8q89U2,trance; progressive trance,2025-06-18 02:40:17
Omiki,7pHwBqsYULdAdHgSwf1q9f,psytrance; trance; progressive trance,2025-06-18 02:40:17
Andrew Bayer,5dFuu05x8SPBuymudrTBU8,trance; progressive trance,2025-06-18 02:40:17
Ace Ventura,7bSyjB4y9NAhoUDrZTpYt4,psytrance; progressive trance; trance,2025-06-18 02:40:17
Sneijder,4zllvElH16KlgTqRstwYIb,trance; progressive trance,2025-06-18 02:40:17
Andy Moor,0Fn4agIyGMwQsKHrx1i8Dn,trance; progressive trance; progressive house,2025-06-18 02:40:17
Coexist,7I08DUDSBedSy10Pctjpjf,psytrance; trance; progressive trance,2025-06-18 02:40:17
Jordan Suckley,25jGdT0Q5ld9D9Lajg8JpD,trance; progressive trance; psytrance,2025-06-18 02:40:17
Amy Wiles,4ztolv1NbTfNxSjS1EgtOX,progressive trance; trance,2025-06-18 02:40:17
GRAViiTY,1ycxas0HqhZQQc7zkhtUJY,psytrance; tekno,2025-06-18 02:40:17
TDJ,540RtWfpQokIlaRgMDjU9v,eurodance; trance,2025-06-18 02:40:17
Bliss,5kCxDwD2rjY6lKSGdAW7Lk,psytrance; trance; progressive trance,2025-06-18 02:40:17
Vegas (Brazil),5xk7F7RlG0tk0rsGmjFB7z,psytrance; trance; progressive trance; electronic,2025-06-18 02:40:17
Astrix,3dUltShd2gJQc98Kc7Syit,psytrance; trance; progressive trance,2025-06-18 02:40:17
Anfisa Letyago,7icoOm5fKKPo49jVxoj1Cq,techno,2025-06-18 02:40:17
Karney,4IYtlYqi3daKiscEqovUTG,trance,2025-06-18 02:40:17
RAM,4f0a5IgkYFHFts5Z9N9SDX,trance; progressive trance,2025-06-18 02:40:17
Boundless,4xUI4FjmuJUrxainxRVNzH,minimal techno; melodic techno,2025-06-18 02:40:17
blk.,1oLPIdUjd6rJY1llzFcVw0,hard techno; techno,2025-06-18 02:40:17
XiJaro & Pitch,0CcmU1Eun8Nwb3VlOAeJUK,trance; progressive trance,2025-06-18 02:40:17
Electric Universe,55SDgogZ1SRUhIgmGvLyhD,psytrance; trance; progressive trance,2025-06-18 02:40:17
Darude,0LhHRmSd1EYM5QdNeNnCoQ,eurodance,2025-06-18 02:40:17
Victor Ruiz,0xgdNNa5mIbnJKp8AG8S4z,techno; minimal techno; melodic techno; acid techno,2025-06-18 02:40:17
Judge Jules,1PaP6h3jtpFHNpHWsCF4Zo,trance; progressive house,2025-06-18 02:40:17
Cera Khin,49QMv0RvuxcUG8Xk6YweEz,hard techno; techno; acid techno; tekno,2025-06-18 02:40:17
Lostly,39YXQGcflynecg2L3APfqf,trance; progressive trance,2025-06-18 02:40:17
Funk Tribu,1vK8NnrPlBlF34LaiFX1SK,hard house; phonk; techno; hard techno,2025-06-18 02:40:17
Captain Hook,5xnZNDl118VvPTvthujxpx,psytrance; progressive trance; trance,2025-06-18 02:40:17
David Rust,31PQANabd071TUYth7bG5n,trance; hard house,2025-06-18 02:40:17
Taylor Torrence,4PhWdminU7odBReTmyyZrH,progressive trance; trance,2025-06-18 02:40:17
Factor B,4OUavLWUepaSy6MNjkNS3g,trance; progressive trance,2025-06-18 02:40:17
Thick As Thieves,02gZhiF4PVcroYTCsVzaUI,acid techno,2025-06-18 02:40:17
Gouryella,1JKDQ9CDwfLKUrhO6KYaki,trance; progressive trance,2025-06-18 02:40:17
Grigoré,2RemyvxrdxNsB7ycf3rJHX,melodic techno; melodic house; progressive house; indie dance,2025-06-18 02:40:17
Joint Operations Centre,1yBLCDLlLunLE5pBDt2da7,trance; progressive trance,2025-06-18 02:40:17
Julian Gray,7zgYgOlFA5NRLumUDzKSVN,progressive trance; progressive house,2025-06-18 02:40:17
Khromata,4qZkbvcIR78hf7pxIAyYpi,psytrance,2025-06-18 02:40:17
Laura van Dam,6gmecOfbzCBnKd3OGkCQuz,progressive trance; trance; melodic techno,2025-06-18 02:40:17
Mauro Picotto,0MNSDAOCHF7f2ZfAYxZ9bp,trance; hard house,2025-06-18 02:40:17
Bryan Kearney,5fBbVsFxoa0jDCqocaEdBx,trance; psytrance; progressive trance,2025-06-18 02:40:17
Nifra,4Ipm3lGKLqzhir25JU846A,trance; progressive trance; big room,2025-06-18 02:40:17
KIMMIC,203PtVTnerRs5Vey1UyQgN,,2025-06-18 02:40:17
Outside The Universe,4aieSN26wWopauQ1Q0TS2j,psytrance; trance,2025-06-18 02:40:17
Paul Oakenfold,5MO2kbaGGA2a8kL4c9qqHq,trance,2025-06-18 02:40:17
Paul van Dyk,7wU1naftD3lNq7rNsiDvOR,trance; progressive trance,2025-06-18 02:40:17
Roger Shah,3dAnWbqTzCOK1jdiK2v3gI,trance; progressive trance,2025-06-18 02:40:17
Sean Tyas,4zqERoiO42cNiA3pPDWnvN,trance; progressive trance; psytrance,2025-06-18 02:40:17
Sonic Species,0RB2HADLaxeaZAlNus7vVG,psytrance; progressive trance; trance,2025-06-18 02:40:17
Triode,6PeUGjC4XaZD1XysuYogDG,trance,2025-06-18 02:40:17
Vangar,6na2GiWyP4tNUmYxRQXoW4,,2025-06-18 02:40:17
Silver Panda,310IX3ZzFSl14ZvY2dM8Da,melodic techno; melodic house; progressive house; techno; indie dance,2025-06-18 02:40:17
Out of Orbit,277yeOzcZFue5WMd8ugiTM,psytrance; trance,2025-06-18 02:40:17
Daniel Pinho (US),4Jn2BlQGUmQN1Ex9rGn0iS,melodic techno; melodic house; progressive trance,2025-06-18 02:40:17
Richard Durand,7wne8sUhTAJdIsnuO4GjnR,trance; progressive trance,2025-06-18 02:40:17
Multunes,6OmJfz3yJMaepZGyI5f9Cl,,2025-06-18 02:40:17
Craig Connelly,78UUH1buA0gDtDnkX2dPgL,trance; progressive trance,2025-06-18 02:40:17
Solarstone,1PfOXooPSLQhOTNZGrXM90,trance; progressive trance,2025-06-18 02:40:17
Animato,3EbiMr7AC6OqfPcrEHPVtL,psytrance; progressive trance; trance,2025-06-18 02:40:17
Ben Gold,4DXcK8M3bJkCFfhHIkudyL,trance; progressive trance,2025-06-18 02:40:17
Ben Hemsley,366L4EjZXBPYbHs9XDQILZ,tech house,2025-06-18 02:40:17
Mark Sherry,3mvBDVwojbFc7hmDIgoIHH,trance; progressive trance,2025-06-18 02:40:17
Ferry Corsten,2ohlvFf9PBsDELdRstPtlP,trance; progressive trance,2025-06-18 02:40:17
Pettra,2qzM98SPNta8roSgqVfG7D,psytrance; trance; progressive trance,2025-06-18 02:40:17
Charlie Sparks (UK),1lsjQdGrRe2D1nmvCVB7JZ,hard techno; techno; acid techno; tekno; hardcore techno,2025-06-18 02:40:17
Ship Wrek,1ic0FHNGIjXZAWH6O6Reif,stutter house; bass house,2025-06-18 02:40:17
Dimitri Vegas & Like Mike,73jBynjsVtofjRpdpRAJGk,big room; electronica; edm; electro,2025-06-18 02:40:17
Obskür,29MTNlaVntQaQiDyj8KGwx,rally house; house,2025-06-18 02:40:17
Cajmere,7lIBLhQHKay3r1xtO3VtWT,chicago house; baltimore club; footwork; house; tech house,2025-06-18 02:40:17
Wax Motif,7zm3aSdmGiOkTt0aZFSO8R,bass house; g-house; tech house,2025-06-18 02:40:17
Tita Lau,5g93IJMEpfC68NUaeVjr4h,tech house,2025-06-18 02:40:17
Space 92,6TVdVlY6irsNPkMHT2HkfD,techno; acid techno; hard techno; tekno,2025-06-18 02:40:17
Jackie Hollander,5ykY9Uweo3gl5VFpb6z6pQ,tech house,2025-06-18 02:40:17
Leisan,1jtvnvAC4u2YWU7QTqoNDF,tech house,2025-06-18 02:40:17
Mark Knight,3h11MHQeCrcsUgRRijI1zL,tech house; house; disco house; funky house; progressive house,2025-06-18 02:40:17
Deborah de Luca,144HzhpLjcR9k37w5Ico9B,techno; hard techno; acid techno; tekno,2025-06-18 02:40:17
AC Slater,6EqFMCnVGBRNmwPlk2f3Uc,bass house; bassline; g-house; uk garage; house,2025-06-18 02:40:17
Estella Boersma,4UCy3TOuu2eA6zNY50JQSV,acid techno; hard techno; techno; breakbeat,2025-06-18 02:40:17
Void,3giDsMv0eBesae30PimJpx,tech house; hip house,2025-06-18 02:40:17
Zorza,3aAo0qwTvgRwURTzzQ3frr,hard techno; hypertechno,2025-06-18 02:40:17
Panteros666,7DYEJjAIWCn1DNttRqVomt,hard house; eurodance; hypertechno,2025-06-18 02:40:17
Deeper Purpose,10Bo1ofGMWr6hFD7OM7W7r,tech house; house,2025-06-18 02:40:17
Roger Sanchez,1HT9k1ZSUL9IczSstOAgWJ,disco house; tribal house,2025-06-18 02:40:17
Kobosil,2ZvIFwl0BuQgHqWvDE80hC,hard techno; techno; acid techno,2025-06-18 02:40:17
TNT,1CqOLQmjzVWXQTiIN5Wucs,hardstyle; hard techno; frenchcore; hardcore,2025-06-18 02:40:17
Darren Styles,2gZzTzeACSwFqkMroVxmnm,happy hardcore; hardstyle; hardcore techno,2025-06-18 02:40:17
Kx5,2avRYQUWQpIkzJOEkf0MdY,melodic house,2025-06-18 02:40:17
Kai Wachi,2fNr4ldujwq97v1jWeqs8K,dubstep; deathstep; riddim; melodic bass; edm; bass music,2025-06-18 02:40:17
Odd Mob,4qLwtWhlhyAoQ4S9mSrDW9,tech house; bass house,2025-06-18 02:40:17
John Summit,7kNqXtgeIwFtelmRjWv205,house; tech house,2025-06-18 02:40:17
SVDDEN DEATH,2u01kCKA5wDvvztuH8lyT0,riddim; dubstep; deathstep; bass music; edm; dub,2025-06-18 02:40:17
Subtronics,3NJ94iuAmmMjbszODYT6pO,riddim; dubstep; edm; deathstep; bass music; dub,2025-06-18 02:40:17
Zeds Dead,67qogtRNI0GjUr8PlaG6Zh,dubstep; edm,2025-06-18 02:40:17
999999999,6uD2LjPHUjxrpax0se17Nc,acid techno; hard techno; techno; tekno,2025-06-18 02:40:17
ACRAZE,4pnp4w9g30yLfVIAFnZMRd,tech house,2025-06-18 02:40:17
Andruss,6HZwb7Zbnvfo8u1sst4QrI,latin house; techengue; tech house; tribal house,2025-06-18 02:40:17
Sharam Jey,0k4tYg6N84bhZcd6tfNWXt,g-house; brazilian bass; nu disco; tech house; indie dance,2025-06-18 02:40:17
Alok,0NGAZxHanS9e0iNHpR8f2W,brazilian bass; electronic; slap house; electro house,2025-06-18 02:40:17
Ben Nicky,3Bd1phrOZJuCev9U0bzdtA,trance; happy hardcore,2025-06-18 02:40:17
Will Sparks,1u7OVFmWah4wQhOPIbUb8U,melbourne bounce; big room; techno,2025-06-18 02:40:17
Skrillex,5he5w2lnU9x7JFhnwcekXX,dubstep; edm; electro; electronic,2025-06-18 02:40:17
Rico Nasty,2OaHYHb2XcFPvqL3VsyPzU,,2025-06-18 02:40:17
Akini Jing,2VtVHEiaBjDGzysvaO5tDH,chinese indie; mandopop; c-pop; chinese hip hop,2025-06-18 02:40:17
Capochino,70qOCKE1NFO6q1a1pC0KRE,dubstep,2025-06-18 02:40:17
Culture Shock,6lp2VnIRXXpC9Wz7hSX6RE,drum and bass; liquid funk,2025-06-18 02:40:17
Au/Ra,1eMmoIprPDWeFdB1FxU6ZV,,2025-06-18 02:40:17
Ray Volpe,2K9qsrYnsu1EWt7ZQkkuXb,dubstep; riddim; deathstep; melodic bass; bass music; edm,2025-06-18 02:40:17
Friction,5xdizdgbQQvGAgAolGhpXr,drum and bass; liquid funk; bassline,2025-06-18 02:40:17
ÆON:MODE,41ouHqoKXNijIMFsQTmFQV,drum and bass,2025-06-18 02:40:17
Da Tweekaz,6UOk7DmvqlzWmo6gjhZvn6,hardstyle; frenchcore; happy hardcore; hardcore,2025-06-18 02:40:17
Alessandra,35HMF6Y8dSzNfeJs3X65fw,,2025-06-18 02:40:17
DANNY AVILA,1Xv1qZHJ1hnRlWHRTZ3uci,,2025-06-18 02:40:17
deadmau5,2CIMQHirSU0MQqyYHq0eOx,edm; progressive house; dubstep,2025-06-18 02:40:17
Sub Focus,0QaSiI5TLA4N7mcsdxShDO,drum and bass; liquid funk,2025-06-18 02:40:17
Dimension,1QMgre3BHX161ZHtWMUu6S,drum and bass; liquid funk,2025-06-18 02:40:17
Excision,5FKchcZpQOkqFvXBj1aCvb,dubstep; riddim; deathstep; edm; dub; melodic bass; bass music,2025-06-18 02:40:17
Egzod,3exvMmrLV6o4R42YnG3Id6,,2025-06-18 02:40:17
Friendly Fire,1JtDSmvj4bVA8pBszG43fK,tech house,2025-06-18 02:40:17
Pickle,3RuyFkjMNXXXabK3bH5DQt,tech house; bass house,2025-06-18 02:40:17
HASKELL,5ry5gHsT7l1X84yGPZeVIj,tech house,2025-06-18 02:40:17
Gene Farris,49qOEODA3n8HiVUY4uwJbU,tech house; chicago house,2025-06-18 02:40:17
Jauz,5ttgIeUVka6FLyi00Uu5h8,bass house; edm; future house; dubstep; electro house,2025-06-18 02:40:17
Gareth Emery,0hprEC0nsWuQPSHag1O2Vi,trance; progressive trance; progressive house,2025-06-18 02:40:17
Mesa & Boss,286crklkKR6w66BO79BJQG,big room,2025-06-18 02:40:17
COCO-PALOMA,08jPWr83bzp3LZVnRu5D19,techno; acid techno,2025-06-18 02:40:17
ILLENIUM,45eNHdiiabvmbp4erw26rg,melodic bass; future bass; edm,2025-06-18 02:40:17
The Chainsmokers,69GGBxA162lTqCwzJG5jLp,,2025-06-18 02:40:17
12th Planet,3V1h3kAdiVDBiwlY2i6dJz,dubstep; riddim; deathstep; bass music; dub,2025-06-18 02:40:17
INFEKT,3I6KMDdmPiLE5UQ4XF8Kpl,riddim; dubstep; deathstep; bass music; dub,2025-06-18 02:40:17
Apashe,1fd3fmwlhrDl2U5wbbPQYN,,2025-06-18 02:40:17
Jake Silva,5RLODyL9SNX8KYZ0yiiXvL,latin house,2025-06-18 02:40:17
MITCH DB,6fMSq8NSVe1QWRSTiBCxwL,,2025-06-18 02:40:17
Juelz,04p1jV00pBnrmh2rKl0jnT,edm trap; future bass,2025-06-18 02:40:17
Rosa Anschütz,1kjoxeQwJmoCfXT6j58MTm,techno; hard techno; acid techno,2025-06-18 02:40:17
SIDEPIECE,5czbzNZZfWpyFgZyfT3Mkk,tech house; edm,2025-06-18 02:40:17
Hayley May,1WcwbtAnG5HWNbPPK84ued,,2025-06-18 02:40:17
Levity,1PbO7aQiVeKbGp8GYWDL9C,dubstep,2025-06-18 02:40:17
Loud Luxury,6t1gpxYbY8OlLA7D2RiikQ,,2025-06-18 02:40:17
RAC,4AGwPDdh1y8hochNzHy5HC,,2025-06-18 02:40:17
Louis The Child,7wg1qvie3KqDNQbAkTdbX0,,2025-06-18 02:40:17
Sickmode,5PbgCU02dfdBCAzpOaNmYW,hardstyle; frenchcore; hardcore,2025-06-18 02:40:17
Mish,65kwwmTEJIlKRldGhmUM0b,hardstyle; frenchcore; hardcore,2025-06-18 02:40:17
Hybrid Minds,05lF0DUkLJqiW5o70SScyR,liquid funk; drum and bass,2025-06-18 02:40:17
Netsky,5TgQ66WuWkoQ2xYxaSTnVP,drum and bass; liquid funk; chillstep,2025-06-18 02:40:17
Nostalgix,6CarTAUaWnQb6bp7yjP0Zz,bass house; g-house; bassline,2025-06-18 02:40:17
Topic,0u6GtibW46tFX7koQ6uNJZ,,2025-06-18 02:40:17
Binary Finary,5suoHSdDiYsjikHNVdYYKe,trance,2025-06-18 02:40:17
ISOxo,4zVCMnjw54nkhGHU4e1Pav,bass house; edm trap; edm,2025-06-18 02:40:17
RL Grime,5eIbEEQnDM8yuDVB0bimSP,edm trap; future bass; edm,2025-06-18 02:40:17
SABAI,4OaSyxqlkp7aVpAZwF02QZ,melodic bass; future bass; edm,2025-06-18 02:40:17
William Black,7d5SfGXKpgS3JK8BFIq59h,melodic bass; future bass; edm,2025-06-18 02:40:17
Seven Lions,6fcTRFpz0yH79qSKfof7lp,melodic bass; future bass; edm; chillstep; dubstep; progressive trance,2025-06-18 02:40:17
Disco Lines,5Kmr0b3ip8g9P2i0dLTC3Z,stutter house,2025-06-18 02:40:17
Supergloss,7uvZrAOASv4qg1VawEFR7Z,acid techno,2025-06-18 02:40:17
Timmy Trumpet,0CbeG1224FS58EUx4tPevZ,melbourne bounce; big room,2025-06-18 02:40:17
Tony Junior,17esEoE9uEHFKuzkar2UL0,big room; hardstyle,2025-06-18 02:40:17
Wooli,1Uyqa2sdHm1bL5JK4IC4zc,dubstep; melodic bass; riddim; edm; deathstep; future bass; bass music,2025-06-18 02:40:17
Wuki,6Se1y4vDcu9fVHLqdj1N3q,,2025-06-18 02:40:17
Sarah Cothran,3kft86DbqCNr7rjq3pEj0G,,2025-06-18 02:40:17
Yellow Claw,47z7ZrgFoBvVpCnElCE3Zh,edm; edm trap,2025-06-18 02:40:17
€URO TRA$H,18pzORU0ImCwhbZgPZYTI9,bass house; g-house; tech house,2025-06-18 02:40:17
Knock2,6mmSS7itNWKbapgG2eZbIg,bass house; edm; bassline,2025-06-18 02:40:17
Adventure Club,5CdJjUi9f0cVgo9nFuJrFa,melodic bass; dubstep; edm; chillstep; future bass,2025-06-18 02:40:17
DJ DIESEL,75vCyksqhYjtt5VIpc8g7u,dubstep; riddim; deathstep,2025-06-18 02:40:17
Walker & Royce,1lAwVq9MxNJkB0dEY6xNoV,tech house; bass house; house,2025-06-18 02:40:17
JSTJR,5SNvvu3C0tFHMXcih3NdiP,moombahton,2025-06-18 02:40:17
Good Times Ahead,6M7RdR9ZP52h2mfNLmiHtU,,2025-06-18 02:40:17
Rooler,2lpFs8QJyIeVDb2Sq4vZYi,hardstyle; frenchcore; hardcore; gabber; hardcore techno,2025-06-18 02:40:17
Habstrakt,1YYJxpOXYk1z1WtqdeLMkn,bass house; g-house; dubstep; bassline,2025-06-18 02:40:17
OTRO,5MdLUQzAi9fnfUcRgnng32,latin house; techengue,2025-06-18 02:40:17
BOLO THE DJ,4qaAcBXIagTIWYkJRlxYZ7,latin house; techengue,2025-06-18 02:40:17
Showtek,3gk0OYeLFWYupGFRHqLSR7,hardstyle; big room; electronica; edm,2025-06-18 02:40:17
Valentino Khan,0deIjoDjl9g9Zpw0sCIOHh,bass house; moombahton; g-house,2025-06-18 02:40:17
Cosmic Gate,6ySxYu68zTsO5ghsThpGtS,trance; progressive trance,2025-06-18 02:40:17
Tisoki,0XW7mqhbaQnRtHmwfAVg64,dubstep; riddim; bass music; bass house,2025-06-18 02:40:17
Godlands,2BW6zD5lzOxdEFWrgsHMq8,,2025-06-18 02:40:17
WHIPPED CREAM,5CMaNobmJYgXcfiT0zYOwi,,2025-06-18 02:40:17
SOTA,78UYwUXnotbqcp2NTxjujP,drum and bass; bassline,2025-06-18 02:40:17
Mefjus,54qqaSH6byJIb8eFWxe3Pj,drum and bass; drumstep,2025-06-18 02:40:17
James Hype,43BxCL6t4c73BQnIJtry5v,house; tech house,2025-06-18 02:40:17
Pocket,2VizsdU66dsMBEg8h4Vkzo,stutter house; uk garage,2025-06-18 02:40:17
BARELY ALIVE,5c3akKV3CUqAVOnGZqf4S3,dubstep; riddim; deathstep; bass music; dub; drumstep,2025-06-18 02:40:17
Kompany,7dtX3ykcuyVmts2HQnWgSP,dubstep; riddim; deathstep; bass music; edm; dub,2025-06-18 02:40:17
Skizologic,5VE5478wy8qtusbSL7DZNP,psytrance; trance; progressive trance,2025-06-18 02:40:17
HONÜ,5U96ytItXSJmQBUOOhMxKq,bass house,2025-06-18 02:40:17
Joshwa,1PzAgFVk9v8cxn9flrqrv5,tech house; latin house; house,2025-06-18 02:40:17
San Pacho,5jBerZvTAajwYvdxt3UhgU,latin house; tech house; techengue; bass house; g-house; house,2025-06-18 02:40:17
HI-LO,0ETJQforv5OXgDgidQv9qd,techno; future house; house; acid techno,2025-06-18 02:40:17
Farrago,40dlsb5MBbRdrB2hf8XnvU,techno; hard techno; acid techno,2025-06-18 02:40:17
DJ Isaac,2FmgW6Jee0JQKtb6EnBWCq,hardstyle; gabber; happy hardcore; hardcore; frenchcore,2025-06-18 02:40:17
Justin Jay,5k5eiijuHxrGwXp2Pz37GZ,,2025-06-18 02:40:17
With Løve,0x0UI85q7lIdGMEZsNH5fm,melodic bass; future bass,2025-06-18 02:40:17
Supermode,7urnl0uH1w3NCoErxw7AUK,hypertechno,2025-06-18 02:40:17
1991,2IP71LH7CbwddhsEXBI0fy,drum and bass; liquid funk,2025-06-18 02:40:17
ALLEYCVT,4JxRK2gxmri7L7OWaxnVD1,dubstep; edm,2025-06-18 02:40:17
Aly & Fila,2hL1EouqXLtBEB6JKnPF0h,trance; progressive trance,2025-06-18 02:40:17
Alex Newell,2vGaSKEDFsVPBgcnGxqlBN,,2025-06-18 02:40:17
Audien,4xnMDfgEmXZEEDdITKcGuE,edm; progressive house,2025-06-18 02:40:17
Basstripper,1tSiIyp5dxfbEaS0nZGMEl,drum and bass,2025-06-18 02:40:17
Dead X,1viO40zvthKBg0VNEnJoma,hardstyle; frenchcore,2025-06-18 02:40:17
DØMINA,2SaPpXmlY9agJpvlEbLMKD,hard techno,2025-06-18 02:40:17
Dr. Fresch,1htHgbGwgCWJBfGiQwcRqC,g-house; bass house,2025-06-18 02:40:17
FJAAK,4qG1qjeHfkASTdyRGbLWbV,techno; acid techno; hard techno; tekno,2025-06-18 02:40:17
Amelie Lens,5Ho1vKl1Uz8bJlk4vbmvmf,techno; acid techno; hard techno; tekno,2025-06-18 02:40:17
Eurostep,4ktOphHEqpukEfFOhCAfjZ,tech house,2025-06-18 02:40:17
me n ü,1hqo0TnaWxL6jVm0wdzi9f,,2025-06-18 02:40:17
Galantis,4sTQVOfp9vEMCemLw50sbu,,2025-06-18 02:40:17
MPH,62SCu33InHVq97VaWw3eof,uk garage; bassline; rally house; bass house,2025-06-18 02:40:17
Gentlemens Club,58MEqEE2029jp6KTWTt1hO,bassline; bass house; dubstep; drum and bass; riddim,2025-06-18 02:40:17
Marshmello,64KEffDW9EtZ1y2vBYgq8T,edm,2025-06-18 02:40:17
PYKE,0Gph5nn0pLUR8oT8t4j41d,riddim; dubstep; deathstep; bass music,2025-06-18 02:40:17
Carl Cox,19SmlbABtI4bXz864MLqOS,techno; tech house; house,2025-06-18 02:40:17
ROSSY,4wJ7gER76tRe6yTO87KySS,edm trap; future bass; melodic bass,2025-06-18 02:40:17
Sam Binga,2oyU4eToyQkxAFjkB3blsi,uk garage; jungle; drum and bass; drumstep; breakbeat; footwork; uk funky; bassline,2025-06-18 02:40:17
CHASE WRIGHT,4P70LmF7PJwBGS9BV5dk2c,country,2025-06-18 02:40:17
Taylor Kade,5xZctf19fhC6NgttHakfzF,melodic bass; future bass,2025-06-18 02:40:17
Matroda,45lcbTsX07JWzmTIjcdyBz,bass house; tech house; g-house; house; electro house,2025-06-18 02:40:17
Westend,4epc3Bd0DOBA0kDywkRAsu,tech house; latin house; house,2025-06-18 02:40:17
Noizu,3VRyybsQu0MDG0F2LBxnv7,tech house; house,2025-06-18 02:40:17
SLANDER,20DZAfCuP1TKZl5KcY7z3Q,melodic bass; dubstep; edm; future bass,2025-06-18 02:40:17
Indira Paganotto,0JXc5G7ZImFTwPg3y8MTfR,techno; hard techno; psytrance; acid techno; tekno,2025-06-18 02:40:17
GRAVEDGR,1kiZfWU37oS0pCOV7Os1Pj,hard techno,2025-06-18 02:40:17
Sara Landry,7eILArMiTFTQf8SEh5fFHK,hard techno; techno; acid techno; tekno; hardcore techno,2025-06-18 02:40:17
CLAWZ,0HUxQdvG9Db3gLJPEeWR3q,hard techno,2025-06-18 02:40:17
Benny Benassi,4Ws2otunReOa6BbwxxpCt6,electro house,2025-06-18 02:40:17
Eli Brown,5lVNSw2GPci8kebrAQpZqU,techno; tech house,2025-06-18 02:40:17
FISHER,1VJ0briNOlXRtJUAzoUJdt,tech house; house,2025-06-18 02:40:17
Prunk,6FJfLfGO9X2AVNz0sFscrG,house; lo-fi house; tech house,2025-06-18 02:40:17
Peggy Gou,2mLA48B366zkELXYx7hcDN,,2025-06-18 02:40:17
Mau P,0w1sbtZVQoK6GzV4A4OkCv,tech house; house,2025-06-18 02:40:17
Chris Lake,5Igpc9iLZ3YGtKeYfSrrOE,tech house; house; bass house,2025-06-18 02:40:17
Adam Beyer,1btv9qmIpbp7q1ixCYNdHu,techno; minimal techno; acid techno; tech house,2025-06-18 02:40:17
Booka Shade,2CKaDZ1Yo8YnWega9IeUzB,minimal techno; melodic house; melodic techno; electronica,2025-06-18 02:40:17
Will Clarke,1OmOdgwIzub8DYPxQYbbbi,tech house; techno,2025-06-18 02:40:17
Marshall Jefferson,2Di8r9df6xjyj6CVOqbGVz,chicago house; acid house; house,2025-06-18 02:40:17
TRYM,5Nd385K2g3s0828W8Ab70z,hard techno; techno; acid techno; tekno,2025-06-18 02:40:17
Doruksen,4QualaVaoF8vYnpJ5o8Pw6,hard techno; acid techno; techno; tekno; hardcore techno,2025-06-18 02:40:17
PRODBYAZ,2lgmY8PVNeiW4v2EzaX78v,bassline,2025-06-18 02:40:17
Logan Houston,1CuckRBRWO9Vynsgl6vc28,,2025-06-18 02:40:17
Lietveld,415ioaJbtpKZATU4w10TAQ,,2025-06-18 02:40:17
Jaden Myers,3FvH8hCrZwYRWoMOfVkVz9,,2025-06-18 02:40:17
34yulo,0e9vjwUtVO6JKNe42XcXMy,bassline,2025-06-18 02:40:17
ALVEDDIX,3OBy9XJtnDCuqzf9MSFBwL,,2025-06-18 02:40:17
AvivA,3JQNsIpRBYgSqyKSuaufT9,,2025-06-18 02:40:17
DJCole2K,1pdY7M7AhoU0a7XWnVjLYj,,2025-06-18 02:40:17
Jasper Miller,4aPLq6sIw6KxC3MKhK6Jov,,2025-06-18 02:40:17
Opal Flora,34p6LNdQlnFsuhgScVgC1p,,2025-06-18 02:40:17
Basura Boyz,6uXRjtdaIEcmHTFil7N6Ux,tech house; bass house,2025-06-18 02:40:17
BINKS,7l41cyvvhf8ILwAMSx7dWa,bassline,2025-06-18 02:40:17
THE ABOVEGROUND,5CXyDto8mDhLD1ePGJxFWl,,2025-06-18 02:40:17
Al Stein,6SYOZK08LKJm2oK6fw8CEe,rally house,2025-06-18 02:40:17
DVRKO,3xiokHU6diaOUcMozL3lhU,,2025-06-18 02:40:17
PaoliPR,7aHFaFs65GVhAn5voNOJ4d,,2025-06-18 02:40:17
AMÉMÉ,1txb9Qg5lJ3KATxPcIYyvO,afro house; techengue; latin house; tribal house; organic house,2025-06-18 02:40:17
Antdot,3of9b8iUxyXtfnwwahfUNx,afro house; organic house; latin house; melodic house,2025-06-18 02:40:17
OMNOM,3PYRXP25JcbqhvNaJYcnWy,bass house; tech house,2025-06-18 02:40:17
Riordan,68rU1sdZ0HjxjEC5YnSmao,tech house; uk garage; latin house; house,2025-06-18 02:40:17
andhim,6XJeFzmI6vrWyHcdB7EImP,deep house,2025-06-18 02:40:17
Wakyin,2CnJJITnV40TB5UtCRhwIZ,afro house; latin house,2025-06-18 02:40:17
J. Worra,4q0N3EI67tVnAeeaXbNQIj,house; tech house,2025-06-18 02:40:17
Max Styler,3NKKngINK1tP6BFy0WOyWk,tech house,2025-06-18 02:40:17
MEDUZA,0xRXCcSX89eobfrshSVdyu,,2025-06-18 02:40:17
Sparrow & Barbossa,3c1sTwL4HuWkrciiKHpnmx,afro house; latin house; tribal house,2025-06-18 02:40:17
BLOND:ISH,6zsJjoCtL1WByG0VsuFWzR,afro house; techengue; latin house,2025-06-18 02:40:17
TOBEHONEST,5aE4f6qwsXT5hACySkxJQo,techengue; latin house; tech house,2025-06-18 02:40:17
HUGEL,5PlfkPxwCpRRWQJBxCa0By,latin house; afro house; techengue,2025-06-18 02:40:17
TWENTY SIX,6C2mFGFh8dz1vKp9l5Ce8P,techengue; latin house; tech house,2025-06-18 02:40:17
MoBlack,6Je4hal6B5wiRd46aeswrs,afro house,2025-06-18 02:40:17
Dombresky,2GVtgxcx7jg5xVCZsIHSGN,bass house; tech house; house; g-house,2025-06-18 02:40:17
Adam Ten,05tmGPn4fFdVpnsMt0YW5S,indie dance; melodic house; melodic techno; tech house,2025-06-18 02:40:17
Biscits,052B9SONfhoScw7dgYWw5o,tech house; house,2025-06-18 02:40:17
CHANEY,2dUjApyXX9UqIsFGzoHyhX,disco house; funky house,2025-06-18 02:40:17
DREYA V,4EFAuQI8Ou0bmpf5Vh1P5P,tech house,2025-06-18 02:40:17
AYYBO,0YVquC9RaJLYFNmlJFzkTV,tech house; house,2025-06-18 02:40:17
Francis Mercier,44qAhQu52dYKcHOFQd3esf,afro house; melodic house; latin house; tribal house; house,2025-06-18 02:40:17
Calussa,0BlAuudg3BELkqP2nONKSW,afro house; latin house; tribal house,2025-06-18 02:40:17
Tiësto,2o5jDhtHVPhrJdv3cEQ99Z,edm; trance; big room; house; dance,2025-06-18 02:40:17
Wade,09iEIVQVBtTVjiuEdqqkIR,tech house; latin house; techno,2025-06-18 02:40:17
Tom & Collins,1XU5MjR4kex9BGyY4UMtta,latin house; techengue; tribal house; tech house,2025-06-18 02:40:17
Eran Hersh,5cqctR1IEdc11lN3KEmoGW,afro house; melodic house; organic house; tribal house; latin house,2025-06-18 02:40:17
LP Giobbi,3oKnyRhYWzNsTiss5n4Z1J,house,2025-06-18 02:40:17
LF SYSTEM,0HxX6imltnNXJyQhu4nsiO,,2025-06-18 02:40:17
Born Dirty,0qM78DOdgnNPpq2CpTNgU5,bass house; g-house,2025-06-18 02:40:17
Sonny Fodera,39B7ChWwrWDs7zXlsu3MoP,house; tech house,2025-06-18 02:40:17
Shiba San,7Hr9bE0u9Rl5n6QahVNRnc,g-house; tech house; bass house; house,2025-06-18 02:40:17
Black V Neck,2l0xOjnrmYsxNoQ0QI3G5a,tech house; latin house,2025-06-18 02:40:17
TIBASKO,6xq7g0E52yq4y8Op9X82Uo,stutter house; breakbeat,2025-06-18 02:40:17
HoneyLuv,1sl3gVNz3Nxd4poA8f76sl,tech house; afro house,2025-06-18 02:40:17
Kyle Watson,7LJSAfWhO7jhjnewy6pKyZ,tech house; bass house; house; g-house,2025-06-18 02:40:17
Majestic,6QMABvTzixnxzsLYyhqRxI,,2025-06-18 02:40:17
Solardo,0oO1IaDOBSeI96HbnCa5pZ,tech house; house,2025-06-18 02:40:17
Bleu Clair,7kA4sEagpoNK91I7wr9tYr,bass house; tech house; g-house; house,2025-06-18 02:40:17
Ferreck Dawn,3cnAJv9gydgm52KFIsdvO8,tech house; house,2025-06-18 02:40:17
Guz,2T86EVnDCP64EaVKRXIcRx,tech house; house,2025-06-18 02:40:17
Vintage Culture,28uJnu5EsrGml2tBd7y8ts,brazilian bass; electronic; electro,2025-06-18 02:40:17
CID,4FCzCS0KEgb0rgySWINItO,tech house; future house,2025-06-18 02:40:17
Miane,6bprXdW2g8kg49tNslPQ6X,tech house,2025-06-18 02:40:17
Cumbiafrica,72zmP13MQQhZHt4Kl0FOTs,latin house; techengue; afro house; tech house; tribal house,2025-06-18 02:40:17
Goodboys,2nm38smINjms1LtczR0Cei,,2025-06-18 02:40:17
Sam Divine,029RjYsk0DU8LKC92sUyXZ,tech house,2025-06-18 02:40:17
Boston Bun,1Na1sVrGWKwAigaW7a6hi5,french house,2025-06-18 02:40:17
VOLAC,4Nl6PVYLwbCFfr3UqQlFtE,g-house; bass house; tech house; bassline,2025-06-18 02:40:17
Femme House,7igDaRrtZrUessH723Tuvc,,2025-06-18 02:40:17
Bellecour,1PiNBMw3iIaG021gWeidUY,bass house; g-house,2025-06-18 02:40:17
Dustycloud,5O9MafawyW4O2WhJQKXj2d,bass house; g-house; future house,2025-06-18 02:40:17
UFO Project,608w5vKeKoLxEi7dSEP8g0,breakbeat,2025-06-18 02:40:17
JADED,6tCJN1fQNdFCEaOa8Da9Wf,tech house,2025-06-18 02:40:17
FreeFall,34PrM5nSrZjSz5YBL0EJnD,bass house; bassline; g-house; uk garage,2025-06-18 02:40:17
No Mana,20yuGdfbRkW0HH3OfG1Nkg,electro house; progressive house,2025-06-18 02:40:17
Tommy Trash,1tBU8jUEdVR3mqSsAqEGfD,edm,2025-06-18 02:40:17
Plastic Robots,7qd3q5BKu3lh5r0vVBWSzm,indie dance; minimal techno; tech house; brazilian bass; g-house; bass house,2025-06-18 02:40:17
Speaker Honey,7dzM8rBjimBLgsQ9pfZIXO,,2025-06-18 02:40:17
Jay Robinson,1Jputnig8fuCuihen6n28Z,bass house; g-house; tech house; bassline,2025-06-18 02:40:17
SVNF8,5K3s5fnJzDpLDd622LmQVX,,2025-06-18 02:40:17
Body Ocean,33f4HE9MrvJAlX9cOuhAay,bass house; uk garage,2025-06-18 02:40:17
HVDES,3koHmmPvpgZWHcVmK8AKDq,deathstep,2025-06-18 02:40:17
Casmalia,0FjiqQ7BLtYmZ7ONpS7cTT,bass house; tech house,2025-06-18 02:40:17
Bentley Dean,2yazcd9mOGErgHm7VaBaNT,electro house,2025-06-18 02:40:17
NOISES,1bIZO50ixecynnRb9ewjNp,bass house; g-house,2025-06-18 02:40:17
4B,0LIl9fjMPEZp8UDiL8Yuo4,jersey club; edm trap,2025-06-18 02:40:17
Tchami,1KpCi9BOfviCVhmpI4G2sY,future house; bass house; g-house; house,2025-06-18 02:40:17
X&G,5ic5UHDgniVG1xKLAIU9sG,,2025-06-18 02:40:17
Dread MC,2U5JmM5bTJuARrzQYnDAKn,bassline; bass house; drum and bass; g-house; uk garage,2025-06-18 02:40:17
Devault,1VBAKMui4zm5MnBWNn3NbL,stutter house,2025-06-18 02:40:17
Tony Romera,7GQsOji7pfixzkLt63awo5,bass house; tech house; g-house,2025-06-18 02:40:17
Holly,65stAzefvkwLeulY8215Zo,drumstep; bass music,2025-06-18 02:40:17
Rawtek,6LiWlIUtgDUn83O8i2K2b2,moombahton; bass house; jungle,2025-06-18 02:40:17
Jack Beats,5dUIQXIt7WeBKpETFZyTFW,bass house; g-house; bassline,2025-06-18 02:40:17
Clemmings Child,0SWBgoyjCPiQosjZO20JNY,bass house,2025-06-18 02:40:17
Taiki Nulight,4QWmN97HRZya55JvxN3I5a,bassline; bass house; g-house; uk garage,2025-06-18 02:40:17
Holmes John,5MZLjAnTyZogqTlt3gNIxL,tech house,2025-06-18 02:40:17
BIJOU,3abRKajGbb3kLMy9AWzfMA,g-house; bass house; tech house,2025-06-18 02:40:17
Ape Drums,4HJnsUVBubdKJ2aV0sr48u,moombahton,2025-06-18 02:40:17
Craig Williams,0jokPQp1LfPapSFkcstqi1,,2025-06-18 02:40:17
Wongo,7yx47vjNgvQXPtHis6Hi91,bass house; tech house,2025-06-18 02:40:17
Redlight,5uxPgkLqj8MfIDgTywHayE,bassline,2025-06-18 02:40:17
Karen Harding,1QOHbhVRpDoNtRkz79si6b,,2025-06-18 02:40:17
Abra Cadabra,1ZHk8dteZz6Vi2HFp4hGoM,uk drill; drill; grime; uk grime; afroswing,2025-06-18 02:40:17
Rell the Soundbender,5sOZCghv2vwBS8rqdfbpqy,moombahton,2025-06-18 02:40:17
BLANK,2DE0wJOWz9oWG8tTLOh6bJ,,2025-06-18 02:40:17
ETC! ETC!,2i3Qz4gOgVpUYKPYXsZw8K,,2025-06-18 02:40:17
B!tch Be Cool,55iD1HNpro0fLYFI1jB372,bass house; g-house,2025-06-18 02:40:17
Jenn Morel,7iWWbIVw66I3hHVy9crw6a,latin house; moombahton,2025-06-18 02:40:17
Gammer,5nd7jnne7zbsV2J5jBKNOY,happy hardcore; hardstyle; hardcore techno,2025-06-18 02:40:17
Ookay,1HQGhla3VNj1dBmKTtVT2t,edm trap; dubstep; future bass; edm,2025-06-18 02:40:17
Carmada,4R3mzuQZhfwDkjdE1wx31O,,2025-06-18 02:40:17
G-Buck,4Oxbc00K1336zJYgpR01Aw,moombahton,2025-06-18 02:40:17
YULTRON,3n2H1XlCyS1WQ0vyVUFEma,,2025-06-18 02:40:17
SAYMYNAME,1PP0a3KRZiaqtahgtJ3bdv,dubstep; edm trap; bass house,2025-06-18 02:40:17
Cut Snake,5z7jsdhxqvsOxzZxfVF236,bass house,2025-06-18 02:40:17
Mija,1NpKmfDYMhw1KJIIUCsX4O,,2025-06-18 02:40:17
Coco & Breezy,0Adbm5kzcPUxFybf9fhjgG,,2025-06-18 02:40:17
VNSSA,6fjbZ7zQBYEy3kvB5JL5PM,tech house; bass house,2025-06-18 02:40:17
Kaleena Zanders,0Sz2jslaxjcw2VM5zYh2jK,,2025-06-18 02:40:17
Baby Weight,48OPpTnWriqiSMnOsqII4T,ballroom vogue,2025-06-18 02:40:17
Mary Droppinz,4tPVnr7VB15UA9TRsie3cS,,2025-06-18 02:40:17
Mz Worthy,6AYgHoc0rxMltUiblsFc6c,ballroom vogue; tech house,2025-06-18 02:40:17
Masha Mar,5VuWDNXNzHEO08J2Hv3bU2,,2025-06-18 02:40:17
Tiga,5l9wiTZVfqQTfMDOt0HtwC,electroclash,2025-06-18 02:40:17
salute,1np8xozf7ATJZDi9JX8Dx5,uk garage; stutter house,2025-06-18 02:40:17
DOREY,5P7dSJOFqnDQ3oY1Q7z0id,,2025-06-18 02:40:17
Classmatic,2vOQkFQDXp4QV77pnlet6m,tech house; latin house,2025-06-18 02:40:17
Marsh,1eucLGnPT27tdEh6MU29wp,melodic house; progressive house; organic house; deep house; melodic techno; progressive trance,2025-06-18 02:40:17
Caspa,4nMuaJ4kBLDJCRBizNESI6,dubstep; dub; bass music,2025-06-18 02:40:17
Silcrow,0OKnuRfEYSuoNidEyL52bk,drum and bass; bass music,2025-06-18 02:40:17
Crankdat,5lCekoJW9jNq01B1wiqdAb,dubstep; riddim; deathstep; edm; bass house,2025-06-18 02:40:17
Arya,5O2s6fRMqbwIKGB9QrFrBQ,bass house,2025-06-18 02:40:17
Purple Disco Machine,2WBJQGf1bT1kxuoqziH5g4,disco house; nu disco; funky house; house,2025-06-18 02:40:17
Anyma,4iBwchw0U0GZv5RfVYSMxN,melodic techno; melodic house; techno; stutter house,2025-06-18 02:40:17
TRXGGX,1JnzIVfoK5jO7HhyHJuk9A,edm trap; dubstep,2025-06-18 02:40:17
Ian Snow,0UcCuYO0BxHn8HZjDF4tSB,melodic bass,2025-06-18 02:40:17
Rezz,4aKdmOXdUKX07HVd3sGgzw,edm; dubstep,2025-06-18 02:40:17
Alwz Snny,46O431V3IfnBwEDudtheNw,,2025-06-18 02:40:17
Fancy Inc,4Eoddnw0pOewmCHQYofuwh,brazilian bass; electronic,2025-06-18 02:40:17
Brennan Heart,5QySqc6yAFDx9m7fedFZmC,hardstyle; frenchcore; hardcore,2025-06-18 02:40:17
Dead Rose,3rNr1eW0hok7zumZYUqyCM,melodic bass; future bass,2025-06-18 02:40:17
Chippy Nonstop,3cIWQsZd5aYZDk9DGy64wS,,2025-06-18 02:40:17
Elliot Vast,2hJtwaX9JEp7l8EjigYkaA,melodic house; deep house,2025-06-18 02:40:17
JOHN ELLE,1aRWWqUGxjgTSGQYHGZbot,latin house; techengue; afro house,2025-06-18 02:40:17
Daddy Plays Disco,2B0wc5Evd3ULefDQiFIlGs,,2025-06-18 02:40:17
Proppa,6h9guyYUhKLeDhyUVoOE68,bass house,2025-06-18 02:40:17
Phibes,21VZgcYa29ZVvRQzmUNakx,drum and bass; bassline; bass house; jungle,2025-06-18 02:40:17
Noha,1zI6CaqXFicsizcZEqhxBJ,dub techno; minimal techno,2025-06-18 02:40:17
Sander van Doorn,22bukBZvUppuwQwmDz75Gz,edm; progressive house; big room,2025-06-18 02:40:17
Calvin Harris,7CajNmpbOovFoOoasH2HaY,edm,2025-06-18 02:40:17
borne,3NaqR0cf5IwAY1b1AaPAtB,uk garage; bass music; dubstep,2025-06-18 02:40:17
Avision,25L7U77b5R5fO5pRjDP1Cj,techno,2025-06-18 02:40:17
Badklaat,4AgEF49juDBIfJUoPCPncc,riddim; dubstep; deathstep; bass music; dub,2025-06-18 02:40:17
Fahjah,7LjoOGD9rMWkR8clGUu2Id,bass house; rage rap,2025-06-18 02:40:17
Gunpoint,6OabPCZQ3SpVBtpqiK2lyu,bass music; riddim; dubstep,2025-06-18 02:40:17
Control Room,0tLJ8fk8oulNkMQRAj4Toi,bass house; tech house,2025-06-18 02:40:17
Brainheart,6WbG5UvM4fTvxSms7Gj2hI,,2025-06-18 02:40:17
Stephanno,1THXotwvrD61ygsQWv4p8w,bass music,2025-06-18 02:40:17
yetep,20lmiQy576CSBPz0VJHmnC,melodic bass; future bass; edm,2025-06-18 02:40:17
Alvin Mo,25CAEDl6yMGwwl31Mu3N2H,future house; bass house,2025-06-18 02:40:17
RayRay,4FS6bomikvJR2E9JHNwiAM,bass house; g-house,2025-06-18 02:40:17
Rampa,08jywfUS0hp8XYlYs0cvz8,afro house; melodic house; house,2025-06-18 02:40:17
Darby,6rErJmMCoNHUX0Z99uBB8m,uk garage; stutter house,2025-06-18 02:40:17
Zack Martino,2US2mjK9hW7QGSBNpprlbu,,2025-06-18 02:40:17
KEPIK,43KdGzqdAQatWUdAFGS4Gn,melodic bass; future bass,2025-06-18 02:40:17
INTERLINK,7qo0SwCrNptdnTenoDq6a8,bass music,2025-06-18 02:40:17
Shaded,2xKTuI2Nl32OaYyDndSB3S,tech house; minimal techno,2025-06-18 02:40:17
Marlon Hoffstadt,0HHa7ZJZxUQlg5l2mB0N0f,hard house; eurodance; hypertechno; techno,2025-06-18 02:40:17
Delerium,0IUq1plF3ON4Fboj1bE6kN,trance,2025-06-18 02:40:17
Rich Furniss,6hEshD9iO0iolNdqjuQcyG,,2025-06-18 02:40:17
LUCØ,7AZz7NIZYmsop1ipI6009w,stutter house,2025-06-18 02:40:17
R3SPAWN,2Pfp9mATiuKRzCMLhfs3tB,big room; hypertechno,2025-06-18 02:40:17
MOTi,1vo8zHmO1KzkuU9Xxh6J7W,big room; future house; edm,2025-06-18 02:40:17
NGHTMRE,76M2Ekj8bG8W7X2nbx2CpF,dubstep; edm; edm trap; future bass,2025-06-18 02:40:17
Ailow,270jtLW7Wr3QPEVoE2HAkB,,2025-06-18 02:40:17
Kölsch,2D9Oe8R9UhbMvFAsMJpXj0,melodic techno; techno; melodic house,2025-06-18 02:40:17
Dannic,1PFc84GHTYPL0G12JHh9Mc,big room; progressive house; edm; electro house,2025-06-18 02:40:17
Orlost,5yN3pUpcQ7tlvYX8fr8bhy,melodic bass; future bass,2025-06-18 02:40:17
St. Mary,053q2D9p8VzxaIzwGZhCUM,,2025-06-18 02:40:17
Michael Bibi,4cvdQRyHmkSQSakUrW2oxv,tech house; techno; house,2025-06-18 02:40:17
Dom Dolla,205i7E8fNVfojowcQSfK9m,house; tech house,2025-06-18 02:40:17
Sammy Virji,1GuqTQbuixFHD6eBkFwVcb,uk garage; bassline; bass house; house,2025-06-18 02:40:17
AIRBENDERS,0Ef2jHAFFzpy5vGtVn5Hqj,tech house,2025-06-18 02:40:17
RIOT,0qPGd8tOMHlFZt8EA1uLFY,dubstep; deathstep; riddim,2025-06-18 02:40:17
Skream,2jbP92oFLWqPqogflK1wlW,dubstep; dub,2025-06-18 02:40:17
Interplanetary Criminal,6uJ51uV5rYzu1MJkC4CceI,uk garage; breakbeat,2025-06-18 02:40:17
YAANO,2T0O5j4GMBDmAd8OaEA2UX,drum and bass; liquid funk,2025-06-18 02:40:17
FLOTE,5GlpEfsBmDxKXL5Sr3ZTMO,melodic bass; future bass,2025-06-18 02:40:17
BAGGI,2YMB0FGsysOP5wOGJpXZom,,2025-06-18 02:40:17
Innellea,71rqI5HtraA3qXBwatyG6e,melodic techno; melodic house; techno; progressive house,2025-06-18 02:40:17
Layton Giordani,7mC3RkNNTV6p2j9w4F8Ip4,techno; melodic techno; acid techno; tech house,2025-06-18 02:40:17
mischluft,6IPWduBm255hSxmAcNoHjF,hard house; techno; trance; hypertechno; eurodance,2025-06-18 02:40:17
Oliver Heldens,5nki7yRhxgM509M5ADlN1p,future house; house,2025-06-18 02:40:17
Gorgon City,4VNQWV2y1E97Eqo2D5UTjx,house,2025-06-18 02:40:17
ANOLUXX,1NzlrGKNUnKuheUva6Tavz,hard techno; techno; acid techno,2025-06-18 02:40:17
ZULAN,2Yz9F5lQVc0p6SDxkw2BvF,,2025-06-18 02:40:17
Manila Killa,4EukMPjtYsdi87lkU1hIxN,future bass,2025-06-18 02:40:17
PAWSA,4E0HD2PMY8kQJIjlShrLUS,tech house; house,2025-06-18 02:40:17
MAAURA,40AKih5OpGrRTlHilgilSN,afro house,2025-06-18 02:40:17
Kaiyo,3tVaONcHNsNoVJ5U1RspLs,,2025-06-18 02:40:17
Jerome Price,4EREP1nDxGjXE6V4sOuUy8,deep house,2025-06-18 02:40:17
Charlotte de Witte,1lJhME1ZpzsEa5M0wW6Mso,techno; acid techno; hard techno; tekno,2025-06-18 02:40:17
Boys Noize,62k5LKMhymqlDNo2DWOvvv,electro house,2025-06-18 02:40:17
Black Tiger Sex Machine,0o9qzOHuHkGZ3xMFKpMFkC,dubstep; riddim; deathstep; edm,2025-06-18 02:40:17
Tape B,59tlsKpLWoLTxjNNS2wdPi,dubstep; bass music; riddim,2025-06-18 02:40:17
Restricted,7mx6iGwPF157vXwYcl1DQ3,hard techno; hypertechno; techno,2025-06-18 02:40:17
Lil Texas,76raIy8boaM9sf9gMGXGJ5,frenchcore; hardcore; hardstyle; gabber; speedcore; hardcore techno,2025-06-18 02:40:17
Rusko,4BTcOR2hEQZQQL5AMo5u10,dubstep; dub; drum and bass,2025-06-18 02:40:17
Trivecta,4AT7XlLBevgZIiKvZQ83ye,melodic bass; future bass; dubstep; edm; chillstep,2025-06-18 02:40:17
Arodes,4p2f8wUtltMAFuIJB4NR47,afro house; melodic house; melodic techno,2025-06-18 02:40:17
Lauren Mia,5HWKpmCYAFYybu5WKtxnnq,melodic techno; melodic house; progressive house; organic house,2025-06-18 02:40:17
Miss Monique,29TpNOsTNYbLb6Xa10H0PR,melodic techno; melodic house; progressive house; techno,2025-06-18 02:40:17
Oppidan,338p7qzZTDJSHJzSjIZMFK,uk garage; rally house; bassline,2025-06-18 02:40:17
Ben Sterling,79uJoLQkQ621xZy7MyH4uL,tech house,2025-06-18 02:40:17
Cole Knight,6dZJom6MdxO0nNa0Ot7lqb,tech house,2025-06-18 02:40:17
OMRI.,36jn1T9teX1BHEJYcPoazX,indie dance,2025-06-18 02:40:17
GUDFELLA,3KjZMSSy0BaCVdvL0VABRO,stutter house,2025-06-18 02:40:17
Ky William,2dIpuJtQApGRmGeUobllYq,latin house; tech house,2025-06-18 02:40:17
Shlømo,0ZdNs1hU6aAiaZxvFbtDWF,hard techno; techno; acid techno; tekno,2025-06-18 02:40:17
ØTTA,13Mv9xsTvpgUxCdth9MWnG,hard techno; techno; acid techno; tekno,2025-06-18 02:40:17
Marie Vaunt,50KydUSYhBFGorhAgUcrL5,acid techno; techno; hard techno,2025-06-18 02:40:17
LAYZ,2ozQcs5XxFaj5fvA02zhwo,riddim; dubstep; deathstep,2025-06-18 02:40:17
Jessica Audiffred,4odLDriBk6oEZotzLPTSnD,dubstep; riddim; deathstep; melodic bass; bass music,2025-06-18 02:40:17
Distinct Motive,5KfqHG8bhfI18ZuTzZSdSM,dubstep; dub; bass music; riddim,2025-06-18 02:40:17
AHEE,1gbDc1TANALgP8lLvO5UEf,bass music; dubstep; riddim,2025-06-18 02:40:17
Sub Zero Project,4f0OXMMSxr0r8Ztx6CdpAl,hardstyle; frenchcore; hardcore,2025-06-18 02:40:17
Devin Wild,4ksdbwHbqSmv7sWP3W6L21,hardstyle; frenchcore; hardcore,2025-06-18 02:40:17
Anime,6lnEWBl7dhcA1FL5yqRHPO,hardcore; frenchcore; hardstyle; gabber; hardcore techno; speedcore,2025-06-18 02:40:17
CHYL,15HOfHbNWedCAcJ3Cm1mbc,bass house,2025-06-18 02:40:17
Popof,4f2K0RSYyxP4TUyZu1azYB,minimal techno; techno; acid techno,2025-06-18 02:40:17
Simula,2KCmoJZgpL6hNFdT4l9PTl,drum and bass; bassline; liquid funk; jungle,2025-06-18 02:40:17
Steller,7fNu9x4iV166BQmQQKOmXl,dubstep; riddim; bass music,2025-06-18 02:40:17
YDG,286Ranmy5NZOVyIwNwAUE4,riddim; dubstep,2025-06-18 02:40:17
Drinkurwater,4P4PUC5CstzTajr5dhwQZk,riddim; dubstep; bass music,2025-06-18 02:40:17
Lake Hills,5y5zEG94qXEAbvj1kP0SR5,breakbeat,2025-06-18 02:40:17
Nala,2rTvgpXa8PA62yBCfwdQxf,indie dance; tech house,2025-06-18 02:40:17
Airrica,57sPl5iWgq5t6AscVbMTOW,,2025-06-18 02:40:17
Amal Nemer,4dJbkK58s6mj9RGElqCNhm,latin house; afro house; tech house; tribal house,2025-06-18 02:40:17
Slugg,5Q2x75NUXnoDOXCKItVxZ0,tech house,2025-06-18 02:40:17
RaeCola,4ZLYabLbKeMkfAsFNESfpj,,2025-06-18 02:40:17
Selective Response,5ZHl0NazgmWTepb24O1P57,hard techno; techno,2025-06-18 02:40:17
Cloonee,7MdlXmq2HViAJWo9cf30sR,tech house; house; latin house,2025-06-18 02:40:17
Kaskade,6TQj5BFPooTa08A7pk8AQ1,edm,2025-06-18 02:40:17
Riot Ten,2Zxy5LwBatI5kw4uponwHQ,dubstep; riddim; deathstep; edm; bass music,2025-06-18 02:40:17
Chase & Status,3jNkaOXasoc7RsxdchvEVq,drum and bass; jungle,2025-06-18 02:40:17
Alesso,4AVFqumd2ogHFlRbKIjp1t,edm,2025-06-18 02:40:17
RZRKT,28H813zcseKDMDftpws5ZC,riddim; dubstep; deathstep; bass music,2025-06-18 02:40:17
DJ Snake,540vIaP2JwjQb9dm3aArA4,,2025-06-18 02:40:17
SOSA,3JlN0MeWVJq0vjvsvWCRZ5,tech house; house,2025-06-18 02:40:17
AFROJACK,4D75GcNG95ebPtNvoNVXhz,edm; big room,2025-06-18 02:40:17
Deorro,6VD4UEUPvtsemqD3mmTqCR,melbourne bounce; electro house,2025-06-18 02:40:17
Yosuf,0pceb68in41LfgvQbkvCzg,hardstyle,2025-06-18 02:40:17
Gesaffelstein,3hteYQFiMFbJY7wS0xDymP,,2025-06-18 02:40:17
Vastive,5dqKDhDTrjMvSExBmfMNeH,deathstep; dubstep; riddim; bass music,2025-06-18 02:40:17
Mochakk,0rTh1tAdrEbdKZBTiiAQSo,tech house; house,2025-06-18 02:40:17
Lavern,03y4yOxhLk6MDJ1bV424uO,stutter house,2025-06-18 02:40:17
Adrenalize,6GebWeCCtey5pbQepRYD6c,hardstyle; frenchcore,2025-06-18 02:40:17
Daniel Allan,5JQ1XqKJ2Art01rF4tu1Ra,stutter house,2025-06-18 02:40:17
Argy,1NaQOKgddaJipUtmptb7GI,melodic techno; melodic house; techno,2025-06-18 02:40:17
Armand Van Helden,3cQA9WH8liZfeja1DxcDYE,disco house; funky house,2025-06-18 02:40:17
DEATH CODE,4TxNiQlZXcBj79ySTx9f2o,hardstyle; frenchcore; hard techno,2025-06-18 02:40:17
Brutalismus 3000,6LtXxYMIiKSy2EGHnz1f5j,techno; hard techno; tekno; gabber; acid techno,2025-06-18 02:40:17
Hot Since 82,1tRBmMtER4fGrzrt8O9VpS,tech house; house; deep house,2025-06-18 02:40:17
Mita Gami,6Y9N9gdo5jpzGsExWDymS8,indie dance; melodic house; melodic techno,2025-06-18 02:40:17
Rossi.,7itMGcVGRKS43LcTQvJitf,tech house; house,2025-06-18 02:40:17
Skepta,2p1fiYHYiXz9qi0JJyxBzN,grime; uk grime,2025-06-18 02:40:17
Andy C,75HK7rgkmDMTnWwwmcN53N,drum and bass; jungle,2025-06-18 02:40:17
Andromedik,7miXLG9boDOGHJaEelSL7T,drum and bass; liquid funk,2025-06-18 02:40:17
Basswell,4NzdIkiweEHJgVdg8q2Ruk,hard techno; techno; tekno; acid techno; hardcore techno,2025-06-18 02:40:17
Beltran,1jgSqmZTBltb5O2L7ErmEP,tech house,2025-06-18 02:40:17
OGUZ,2n6aFLFLpEBs61Kfy5EX5v,hard techno; techno; tekno; acid techno,2025-06-18 02:40:17
6EJOU,1k0U51DXyjFk4YnLZUIMP9,hard techno; techno; tekno; acid techno; industrial; hardcore techno,2025-06-18 02:40:17
BIIA,6aLjZidc4PrcXCrCnLzR6W,hard techno; techno; acid techno,2025-06-18 02:40:17
ARMNHMR,0P2bZXPyjHYRW4guHVAFl1,melodic bass; future bass; edm,2025-06-18 02:40:17
Onlynumbers,14lZi2xEonJg9DyYk9JBak,hard techno; techno; tekno; hardcore techno,2025-06-18 02:40:17
CARAVEL,5od72ceH2aN3pS4hcHNzRy,hard techno; techno; acid techno; tekno; hardcore techno,2025-06-18 02:40:17
Yoji Biomehanika,59J5BYhI2gAZ8TFJx5VCPv,hardstyle; hard house; trance,2025-06-18 02:40:17
Shades,3hZYcnuncZYCJzqO9pwpAK,drumstep; bass music; dubstep,2025-06-18 02:40:17
Prospa,6HabM2PUM519iIxervGWSb,,2025-06-18 02:40:17
Sullivan King,1CXuuw8HJhyN80HlNzvL1e,deathstep; dubstep; riddim; edm; bass music,2025-06-18 02:40:17
Mr. Brooks,7bXHsZgjppjPTXXsvGRT8u,,2025-06-18 02:40:17
X CLUB.,4CYPaFp9yDrNduNptv0DPQ,hard house; techno,2025-06-18 02:40:17
LEVEL UP,1ZpDxqXS6HAvoZyCzQfKRb,riddim; dubstep; deathstep; edm,2025-06-18 02:40:17
MALUGI,50udUOTR7dQUgyPwPuCLM6,hard house; eurodance; trance; hypertechno; uk garage,2025-06-18 02:40:17
Narciss,7jEmLGxzh2RuOwdj96tlyL,hard house; eurodance; trance; hypertechno; techno,2025-06-18 02:40:17
Linska,5f7jxYF5js7lD5lMyIPUBq,melodic techno; melodic house,2025-06-18 02:40:17
INVT,7iS41tYQBUyJsZYcxCse0D,uk funky; footwork; breakbeat; uk garage,2025-06-18 02:40:17
Eric Prydz,5sm0jQ1mq0dusiLtDJ2b4R,,2025-06-18 02:40:17
Nora En Pure,24DO0PijjITGIEWsO8XaPs,deep house; melodic house; progressive house; house,2025-06-18 02:40:17
BICEP,73A3bLnfnz5BoQjb4gNCga,,2025-06-18 02:40:17
Bontan,1tZgoMqNTa7lII4w9pV3ud,tech house; afro house; tribal house; latin house,2025-06-18 02:40:17
XANDRA,0R7QDPXqFaQ9F0FdTZUeca,,2025-06-18 02:40:17
Hedex,22I9QWygJ2IfxR855VsA3t,drum and bass; bassline,2025-06-18 02:40:17
Villager,5NhirHwHO8nu6MrwjBizh7,uk garage; breakbeat,2025-06-18 02:40:17
Malaa,7w1eTNePApzDk8XtgykCPS,g-house; bass house; future house,2025-06-18 02:40:17
Torren Foot,7lQOxDl96wmNoqGoW4kgv4,tech house,2025-06-18 02:40:17
DJ Fuckoff,47fPXXrqnkQcaQ951UA3cm,miami bass,2025-06-18 02:40:17
Dennis Cruz,27mWOSZjlpmtoqsRjRwQyu,tech house; latin house; tribal house; techno,2025-06-18 02:40:17
The Martinez Brothers,7B1LLuCQk13H4Mb6CFBftU,tech house; latin house,2025-06-18 02:40:17
Carlita,1GVbOnrND8b3eh2JZ4opw8,,2025-06-18 02:40:17
Alex Chapman,3c8wfedCs5BJGHcFyusyeh,,2025-06-18 02:40:17
Partiboi69,0CutULGVZ24wOr1HHYoEOL,g-house; miami bass; hard house,2025-06-18 02:40:17
SampliFire,57gGqESEggWfCpE3KOzdVa,riddim; deathstep; dubstep; bass music,2025-06-18 02:40:17
horsegiirL,0auP293abZeTWwMUi3fZw2,,2025-06-18 02:40:17
DJ Gigola,7feJmqQ32fTIPKBmPXwHXf,techno,2025-06-18 02:40:17
Fcukers,3UtzOHYm3lQALkKzVD4wyO,,2025-06-18 02:40:17
Alignment,4eFbq5PZgW7YbtA65PP4wS,hard techno; techno; acid techno; tekno,2025-06-18 02:40:17
Code Black,0I5is4tdxHhT3Ft2EzPjlB,hardstyle; happy hardcore; frenchcore; hardcore,2025-06-18 02:40:17
33 Below,4tMIsBBR8M0PsorDf0mNEz,stutter house; uk garage; bassline,2025-06-18 02:40:17
ANGEL CANNON,4Ybj0IqmuPWSp023XnJpCD,hard techno; techno; tekno,2025-06-18 02:40:17
Hannah Laing,1QEd635szhierW6gzRiS1o,,2025-06-18 02:40:17
I Hate Models,0KqSULB80ft2H3aFg6kJmN,techno; hard techno; acid techno; tekno,2025-06-18 02:40:17
Loco Dice,4rbw4Z9Hjn6n9x5oYzZe7P,minimal techno; tech house; techno,2025-06-18 02:40:17
Mike Posner,2KsP6tYLJlTBvSUxnwlVWa,,2025-06-18 02:40:17
MCR-T,4m7q9onIm2bqhwHy9utqmw,miami bass; gabber,2025-06-18 02:40:17
Maz,6gYwbDKcqhLitCTlgF1oZn,afro house; melodic house; latin house; organic house,2025-06-18 02:40:17
Ahmed Spins,4jercY4pUhY6jB8eQjpVJV,afro house; melodic house,2025-06-18 02:40:17
Dual Damage,05bETZtzSdUI5fconFIKRX,hardstyle; hardcore; frenchcore,2025-06-18 02:40:17
Korolova,0I6oCyQQ1Q50q97y9B9gAx,melodic techno; melodic house; progressive house,2025-06-18 02:40:17
Pryda,37U9sPqTZMd7AKJCWgcvkt,progressive house,2025-06-18 02:40:17
Pablo Bozzi,4DZM1e3XBfgjFkQkR1LKQL,italo disco; italo dance; ebm; indie dance; hi-nrg,2025-06-18 02:40:17
Rudimental,4WN5naL3ofxrVBgFpguzKo,,2025-06-18 02:40:17
Nico Moreno,6fjhNhp9IoeiZpEXq9AT2S,hard techno; techno; tekno; acid techno; hardcore techno,2025-06-18 02:40:17
Of The Trees,5V7NIXgCnX2KuQ01Bxg20c,bass music,2025-06-18 02:40:17
Chris Avantgarde,715OI7hiv58daVlEDXM47U,melodic techno; melodic house; techno,2025-06-18 02:40:17
KAMI,5nodOFXcI3HPPhfqhWwd06,hardstyle; frenchcore; hardcore,2025-06-18 02:40:17
MRD,4bpzygoBaq9IUDs3XAxqpR,hard techno; techno; acid techno; hard house,2025-06-18 02:40:17
Dylan Brady,2Cm6C9PNHioyjRKBfO7n9N,hyperpop; glitch,2025-06-18 02:40:17
Marco Strous,56HtyYJoZvYc5aVdqDd94i,tech house,2025-06-18 02:40:17
Lady Faith,1va2Hj3SvWvu3L6jAN6k01,hardstyle,2025-06-18 02:40:17
it's murph,3zW0xazqnHoq9QV9zBROVC,stutter house; house,2025-06-18 02:40:17
TOKiMONSTA,3VwKSHAfgzV1DOHV0aANCI,,2025-06-18 02:40:17
Liquid Stranger,4YJsSCuag8W1TFTgSeEc2k,dubstep; bass music; dub; downtempo; riddim,2025-06-18 02:40:17
ATLiens,74RET4rCZPTGzhsLjD0i3g,riddim; dubstep; deathstep; bass music; edm,2025-06-18 02:40:17
Levenkhan,0ceEjm8IKMdK5BjMmnGMrd,frenchcore; hardstyle; hardcore,2025-06-18 02:40:17
Nils Hoffmann,6sOEMfvCfHQ9dhSWyamXVb,melodic house; minimal techno; melodic techno; deep house,2025-06-18 02:40:17
Truth,0ZDCCJSvjcdJZH9hOl1uYc,dubstep; bass music; dub; drumstep,2025-06-18 02:40:17
D-Sturb,7E6DrjKJieOdJKO8mbwCMO,hardstyle; frenchcore; hardcore,2025-06-18 02:40:17
INZO,18Eu7uJEMPWwwt1QUdCglQ,future bass,2025-06-18 02:40:17
Soothslayer,4oPb2z3ZbgZv6YbQ5nQX3G,drum and bass,2025-06-18 02:40:17
Le Youth,1Zz6NBe8UIZjm88TvehFtx,melodic house,2025-06-18 02:40:17
Josh Baker,4zf8Awb8y1X9qwL4oiVRd6,house,2025-06-18 02:40:17
Champion,3cHya45cxGzLYIPg2LRCCR,uk funky; uk garage; bassline; bass house,2025-06-18 02:40:17
Clara Cuvé,7daFW9cX9jHmOxZ0PIofRm,hard techno; acid techno; techno,2025-06-18 02:40:17
Bas,70gP6Ry4Uo0Yx6uzPIdaiJ,,2025-06-18 02:40:17
Monsune,6NgYKD0TKGjwtRFqTyyqKF,bedroom pop,2025-06-18 02:40:17
Daft Punk,4tZwfgrHOc3mvqYlEYSvVi,french house; electronic; electro,2025-06-18 02:40:17
Wet Baes,6mYovveNfg4PF4HnT8Lner,mexican indie; latin indie; vaporwave,2025-06-18 02:40:17
Anderson .Paak,3jK9MiCrA42lLAdMGUZpwa,,2025-06-18 02:40:17
Kavinsky,0UF7XLthtbSF2Eur7559oV,synthwave; french house,2025-06-18 02:40:17
Chance the Rapper,1anyVhU62p31KFi8MEzkbf,,2025-06-18 02:40:17
Franc Moody,10GT4yz8c6xjjnPGtGPI1l,nu disco,2025-06-18 02:40:17
Arcade Fire,3kjuyTCjPG1WMFCiyc5IuB,indie rock; baroque pop,2025-06-18 02:40:17
Gorillaz,3AA28KZvwAUcZuOKwyblJQ,,2025-06-18 02:40:17
Aaron Smith,77qukKzmdI5BeMBR7WGUrN,,2025-06-18 02:40:17
Breakbot,0iui2Be5CP8EWxvHYsVspL,french house; nu disco,2025-06-18 02:40:17
Drake,3TVXtAsR1Inumwj472S9r4,rap,2025-06-18 02:40:17
Michael Jackson,3fMbdgg4jU18AjLCKBhRSm,,2025-06-18 02:40:17
Bruno Mars,0du5cEVh5yTK9QJze8zA0C,,2025-06-18 02:40:17
The Avalanches,3C8RpaI3Go0yFF9whvKoED,,2025-06-18 02:40:17
Midnight Generation,4CKIGHCZRzNoiNDSaW5eaq,mexican indie; nu disco,2025-06-18 02:40:17
Sophie Ellis-Bextor,2cBh5lVMg222FFuRU7EfDE,,2025-06-18 02:40:17
"Earth, Wind & Fire",4QQgXkCYTt3BlENzhyNETg,disco,2025-06-18 02:40:17
Jamiroquai,6J7biCazzYhU3gM9j1wfid,acid jazz,2025-06-18 02:40:17
ABBA,0LcJLqbBmaGUft1e9Mm8HV,,2025-06-18 02:40:17
Silk City,2X97ZAqRKRMYFIDqtvGgGc,,2025-06-18 02:40:17
Omar Badillo,0sL3IVE2uhWFTFaNRa5iDo,mexican indie; latin indie,2025-06-18 02:40:17
Mark Ronson,3hv9jJF3adDNsBSIQDqcjp,,2025-06-18 02:40:17
L'Impératrice,4PwlsrN0t5mLN0C827cbEU,french indie pop; french house; french pop,2025-06-18 02:40:17
The Weeknd,1Xyo4u8uXC1ZmMpatF05PJ,,2025-06-18 02:40:17
M83,63MQldklfxkjYDoUE4Tppz,,2025-06-18 02:40:17
Omar Apollo,5FxD8fkQZ6KcsSYupDVoSO,bedroom pop,2025-06-18 02:40:17
Joey Purp,1ewyVtTZBqFYWIcepopRhp,,2025-06-18 02:40:17
Kris Kross,2zrZfs23sjuHDv4E6YRmNf,,2025-06-18 02:40:17
Halsey,26VFTg2z8YR0cCuwLzESi2,,2025-06-18 02:40:17
Peaches & Herb,6qI4LTzMRpTxRzMZPvv2C6,disco,2025-06-18 02:40:17
Bee Gees,1LZEQNv7sE11VDY3SdxQeN,disco,2025-06-18 02:40:17
Kanye West,5K4W6rqBFWDnAN6FQUkS6x,rap,2025-06-18 02:40:17
Polo & Pan,45yEuthJ9yq1rNXAOpBnqM,french indie pop; french house,2025-06-18 02:40:17
James Brown,7GaxyUddsPok8BuhxN6OUW,soul; motown; classic soul; funk,2025-06-18 02:40:17
Capital Cities,4gwpcMTbLWtBUlOijbVpuu,,2025-06-18 02:40:17
Eurythmics,0NKDgy9j66h3DLnN8qu1bB,new wave; synthpop,2025-06-18 02:40:17
BOYO,1puLsaxX9EwudKrNBUVFe4,bedroom pop,2025-06-18 02:40:17
La Garfield,4MT1vDqEKurI3ctpK6TqLt,latin indie; spanish-language reggae; mexican indie; latin alternative,2025-06-18 02:40:17
Mr Twin Sister,5ltJZgIW3OkY5WvuzX5MYz,chillwave,2025-06-18 02:40:17
Panteón de Belén,6BuytFP6YqtoVx9OP5dqIw,,2025-06-18 02:40:17
Love Regenerator,05KDKIpxshxrB9BMewaCBW,,2025-06-18 02:40:17
The Trammps,1zgNpeHQe8GulzfVkYP2VK,disco; philly soul; northern soul,2025-06-18 02:40:17
Stardust,2w7IutHv5g4e8LumrwtjWR,french house,2025-06-18 02:40:17
Sia,5WUlDfRSoLAfcVSX1WnrxN,,2025-06-18 02:40:17
SAINt JHN,0H39MdGGX6dbnnQPt6NQkZ,,2025-06-18 02:40:17
Carla Morrison,0XK6kT7xcZAlcYrNjOgzJe,latin indie,2025-06-18 02:40:17
Abel Ramos,4PfnYN4AwskT2RgGn4OwCR,latin house; tribal house,2025-06-18 02:40:17
Vantage,6owH8F2INpb18PhnISiVh2,city pop; vaporwave,2025-06-18 02:40:17
WILLOW,3rWZHrfrsPBxVy692yAIxF,,2025-06-18 02:40:17
Rubytates,2Mk7yrY8Dt93tvVhyxh8Zj,mexican indie; latin indie; latin alternative,2025-06-18 02:40:17
Gloria Gaynor,6V6WCgi7waF55bJmylC4H5,disco,2025-06-18 02:40:17
Young Franco,6mK0vAO13gT8jWYANyoXAl,,2025-06-18 02:40:17
Alemeda,33Se8kMYeTPkeeM2LnsPF8,,2025-06-18 02:40:17
T. G. Shand,3vaGEkaMFBgTNhPweCAl3y,shoegaze; dream pop,2025-06-18 02:40:17
Emma Harner,22LN4kmzdiXhbuFUU4GWCQ,,2025-06-18 02:40:17
tee.,58PSqzV0MvPCYhMrFdXj3t,,2025-06-18 02:40:17
Club 8,0bDw4crr1aysTpUTjI3Wqx,swedish pop; jangle pop,2025-06-18 02:40:17
Bad Flamingo,3Ht7Wd1qVgmFyW63bl5eKE,,2025-06-18 02:40:17
Emilia Vaughn,4VgJ0UD0zECXTaxPsEpbwk,,2025-06-18 02:40:17
La Nuit Américaine,5WJizH3K1fRjTS2dYtpVCf,french indie pop; french pop,2025-06-18 02:40:17
Jodie Nicholson,3UKeJqND3iyFxGOUPLq9Be,indie folk,2025-06-18 02:40:17
Anacy,2oXqSYj1115os7ZUoEAEd0,,2025-06-18 02:40:17
Jane Leo,4rza3PMTT4lKVns6kwiMu8,,2025-06-18 02:40:17
Kathy Katouzi,0pOX7NHbMJ87jIlvMifH9i,,2025-06-18 02:40:17
Sunken,7KkGto8VYz1WpvIsaSGsFs,,2025-06-18 02:40:17
Medium Build,3C6wmSgnZuqxVQyBWujBsn,,2025-06-18 02:40:17
Hand Habits,5poU7FPEYoBlwjzOEWMbX5,,2025-06-18 02:40:17
Ivy,2TpNrO0G2ahji2IOR94TLA,,2025-06-18 02:40:17
Dana and Alden,6xKRT9Uw0XOxNsmWX2vNBr,indie jazz,2025-06-18 02:40:17
gianna,4V2V6Rrf5Q3tmL6bj5SI0E,,2025-06-18 02:40:17
DERBY,5WFUn8WTVNDiOHZCEzxIQZ,,2025-06-18 02:40:17
CORE MATO,6kKPuf7rsBk0pJnZMxDLkC,,2025-06-18 02:40:17
Gillian Krystal,0Gn21RXR6YEb6glnvXc20e,acoustic pop,2025-06-18 02:40:17
Catching Flies,4zAOqBfNLyWFvj1e3yvypJ,downtempo,2025-06-18 02:40:17
dodie,21TinSsF5ytwsfdyz5VSVS,,2025-06-18 02:40:17
Tiberius b,0Kt443UQm5aqR2WCwqSMe0,lo-fi indie,2025-06-18 02:40:17
Dora Jar,4V30Q8ACPdJCcAmAYibfrH,,2025-06-18 02:40:17
ILY,6CVPDt9FXmWEaq3jCoKAZb,,2025-06-18 02:40:17
Nilüfer Yanya,09kXLeOXRyfNQMXRaDO4qA,,2025-06-18 02:40:17
okgiorgio,3SAZh4k4iDPFngB60QKpxg,stutter house,2025-06-18 02:40:17
little luna,5p6wO94xYpLb7bhXNQz4HU,,2025-06-18 02:40:17
debbiesthuglife,6ZwEC7m0hEy84DOFqIT0KL,,2025-06-18 02:40:17
Thandii,68YD0oUAF8k1NqEFAIx60M,indie jazz,2025-06-18 02:40:17
Sofia Härdig,3ARTsrGa1bngNvpoYPT5MK,industrial rock,2025-06-18 02:40:17
Trash Panda,5D9DTI3Knr64lYa3zDCpB7,,2025-06-18 02:40:17
DJ Sugarush,4RKrqMYX0HJQh03lplAUkX,,2025-06-18 02:40:17
Kinck,3WIqCpjYUrR2Bt9rFYNaej,,2025-06-18 02:40:17
Alex Vargas,3kdU3J8t1HUPZqFyScP8SF,,2025-06-18 02:40:17
Emily Vaughn,3G9gR0x4v3J2Vek0Fw0yf2,,2025-06-18 02:40:17
midwxst,7CGSp2GbiOpLPSq61qjxf8,hyperpop,2025-06-18 02:40:17
Bow Anderson,6ObN9YNBliscJOImQp4UZO,,2025-06-18 02:40:17
Walter The Producer,59QOcYlBSqJMi5rTHcwplJ,,2025-06-18 02:40:17
Pahua,4sZh7ibWAOiuDkEStJxHch,latin indie; latin alternative,2025-06-18 02:40:17
Internet Girl,2eVTKG3Z5bbKk2OWMIe3iL,hyperpop,2025-06-18 02:40:17
Jacob Drescher,0azBrYau1kmzbjLIkVG4mv,,2025-06-18 02:40:17
Margaux,2ycbMlovjNV5gks2r8Vtsp,,2025-06-18 02:40:17
SAINT PHNX,1Tdg7NIdyWx9icE2GNZzxk,,2025-06-18 02:40:17
King Princess,6beUvFUlKliUYJdLOXNj9C,,2025-06-18 02:40:17
renforshort,3GYvf7puxwkr51EYoD9E7D,,2025-06-18 02:40:17
James Vickery,68tR0TsEKX89ID4fyBMgch,uk r&b,2025-06-18 02:40:17
Laraw,7vxKZcJkulVyFjO6Bb1Pq1,,2025-06-18 02:40:17
Sex Week,5bcg41eahXhsa30vaMvv0r,,2025-06-18 02:40:17
Victoria Bigelow,3QcQHXrN1oIQO9kCihqNCU,,2025-06-18 02:40:17
beaux,6aw3gb4KA0sfz1Vac4JNaj,lo-fi indie,2025-06-18 02:40:17
Black Atlass,7AbKOHOvn27dK0FOiboAno,,2025-06-18 02:40:17
ELIO,6xgvgzXNv3ymcITXTrxRaA,,2025-06-18 02:40:17
DROELOE,0u18Cq5stIQLUoIaULzDmA,future bass,2025-06-18 02:40:17
GIMI,3sz22vqNRCMttxXN3lczz3,,2025-06-18 02:40:17
Eugénie,47aUSMdD5Sf0DpeOCyPL5K,french pop,2025-06-18 02:40:17
Weston Estate,18CPEToK1OfjJ5B5vDBDKa,,2025-06-18 02:40:17
Tuvaband,1PELQpIrHccFmlReFjINVT,,2025-06-18 02:40:17
Babebee,719aYkabpmAmY7DAQamb8h,hyperpop,2025-06-18 02:40:17
Hovvdy,59RNNqeEfkq3X5pfOQxZ3C,lo-fi indie,2025-06-18 02:40:17
Bishat,3o42mstamO9qGU4P8p50Qr,,2025-06-18 02:40:17
Linying,5IIP34JBy1d8kBYlAGnRaW,,2025-06-18 02:40:17
Scout Gillett,705dFUqTFi2Gg8B4fZqBLl,,2025-06-18 02:40:17
Ouri,41gxyJbzbAaChEyrZ9j3rv,lo-fi house,2025-06-18 02:40:17
shy martin,7eCmccnRwPmRnWPw61x6jM,,2025-06-18 02:40:17
COTIS,63CZNEytugjFnZBdjBmWc8,,2025-06-18 02:40:17
Iris,2YEBe2HS4QDj1hnuJfGlUK,,2025-06-18 02:40:17
Kokoonn,5FvfjIvdoioe8kCpcHiMcT,,2025-06-18 02:40:17
dayaway,6doiARNekKDdYtgBXIE5tX,,2025-06-18 02:40:17
Twin Toes,4jGvA7PiOR4iKJdIwJytoR,,2025-06-18 02:40:17
Swordes,7uMvaQWf3NvJ0sxnKhhWkb,,2025-06-18 02:40:17
VOV VOV!,3aHb6MsvJa5GcWlMhuUTeQ,,2025-06-18 02:40:17
Devantier Rain,02zs1IiCSPgAHT3iBSTZPq,,2025-06-18 02:40:17
Matt Sterling,48Dv0C21GDMR2XcHMJ5ZYT,,2025-06-18 02:40:17
Persia Holder,3b6h32F8106P4eodXJHhmd,,2025-06-18 02:40:17
Jess Kerber,2CTaUju53w7y30gWGLMX58,,2025-06-18 02:40:17
Blue Bayou,5XcRa9nWa25aOj522xerpt,,2025-06-18 02:40:17
Coral Grief,0O5Q3XbLXsSkQ4sM42c66a,dream pop,2025-06-18 02:40:17
Empara Mi,2nhyc8aipr32vUz8Sd5Gp6,drum and bass; liquid funk,2025-06-18 02:40:17
Blu boy express,4BfRmfsqqkmVqWyJ0eqFlr,,2025-06-18 02:40:17
Ariyel,6h0hEqiKGigWN2HZcr9tVK,,2025-06-18 02:40:17
Wednesday,4j7DrazfBZLLD0OrVoAtEe,alt country; shoegaze,2025-06-18 02:40:17
Hotline TNT,5DDuwU1X2Aqdp3CxfXstRe,shoegaze; slowcore,2025-06-18 02:40:17
A. K. Paul,5Ur4wFDyKGnavclr0esWLe,,2025-06-18 02:40:17
mark william lewis,2r5elgyPQ19vDG3xSQn39k,,2025-06-18 02:40:17
Inude,4s5z8d8cm6QVv4YaiyphG3,,2025-06-18 02:40:17
Forth Wanderers,5UjbehtgZGbNmmanbVW9Bs,midwest emo,2025-06-18 02:40:17
Love Spells,5iiqhuffUTPEOjAUDj19IW,,2025-06-18 02:40:17
Pangaea,08Z0yhWGksNk3wceqlCeGE,breakbeat; uk funky; uk garage,2025-06-18 02:40:17
Home Is Where,1umUe3DQdjTkk0LoMuwcj2,midwest emo; screamo; math rock; emo,2025-06-18 02:40:17
joan,3HXLY1sNXIxHfulrjPiRf5,,2025-06-18 02:40:17
SG Lewis,0GG2cWaonE4JPrjcCCQ1EG,,2025-06-18 02:40:17
They Are Gutting a Body of Water,2VhTBaV2Io9AJe661MUTEj,shoegaze; slowcore; noise rock,2025-06-18 02:40:17
Elias Rønnenfelt,1sMYEFib6APIW3JjkY8pYS,,2025-06-18 02:40:17
Jimi Somewhere,5rXanKVc707nhQmW1Is2pB,bedroom pop,2025-06-18 02:40:17
Sir Chloe,6rniTPs9zN26kYnkPdFl1U,,2025-06-18 02:40:17
Yaelokre,3rRyfgGByetsaaujkjQ7rY,,2025-06-18 02:40:17
Laura Stevenson,1lVadNivMiSkc2N6irhWdg,,2025-06-18 02:40:17
The Sophs,2zX0ROHqU3TEfFtKBtqOAE,,2025-06-18 02:40:17
Cola Boyy,6CZN3MHeeEXh5PxKZivIa8,,2025-06-18 02:40:17
Harrison First,0lcIRzEVZTKyNiEct4UKTo,slap house,2025-06-18 02:40:17
Kokoroko,3u9rbdcmA6CxjxOAkjaeFr,,2025-06-18 02:40:17
Barry Can't Swim,0vTVU0KH0CVzijsoKGsTPl,jazz house,2025-06-18 02:40:17
Healy,2Yhge9MsE7qKcV0eWsuuHM,,2025-06-18 02:40:17
hard life,7uwY65fDg3FVJ8MkJ5QuZK,,2025-06-18 02:40:17
Ella Vos,2zmrsXMHxagFz6vI2cD7r6,,2025-06-18 02:40:17
Saxsquatch,0rsyQklwpBiAvkeXbnFB1t,,2025-06-18 02:40:17
Dyan Tai,3lWjEWDoDUBYbmZ56M30eM,,2025-06-18 02:40:17
Lissie,3j4FHbC5zwmYGJ7r0ZgaMt,,2025-06-18 02:40:17
Nato Kitch,4hyJGzLZ7HCh0qLI2iBUNy,,2025-06-18 02:40:17
JUNG,1OHba9a2SK2KcJmJgkGQZO,swedish pop,2025-06-18 02:40:17
"merci, mercy",524oC8NzSWvqPbwiRkYSLH,,2025-06-18 02:40:17
Hala,1dTBAtLZBUB8Ir4PmJYw9t,bedroom pop,2025-06-18 02:40:17
Millie Turner,53GC8IrnkJXGO7znOiv4tD,,2025-06-18 02:40:17
Mavi Phoenix,0Lt05xaSe2ACmAiSkIdcSm,,2025-06-18 02:40:17
dePresno,3DzvldYcKG83XYhYC0wfLn,norwegian pop,2025-06-18 02:40:17
bob junior,2fug6DU1q1uRkPG9L7r2Ne,,2025-06-18 02:40:17
Oddnesse,2LjbaKAB72Nj5zKjcRyOxz,,2025-06-18 02:40:17
Tiiva,7xPH48skEkdWGdzNzZwVKF,,2025-06-18 02:40:17
Yaeger,0sWPIrlMZlHFkDBYkciO3X,,2025-06-18 02:40:17
Sophia Messa,4EtJmdsecF1RlU8cOo6BBR,,2025-06-18 02:40:17
CADE,0CEK8AzyeD5ZUdUloB6yQV,,2025-06-18 02:40:17
Jack Curley,1Unwe9Xco0JDlTTwpDVrcK,,2025-06-18 02:40:17
Hannah Grace,597GQ9dmhOQoBfqmfQINKB,,2025-06-18 02:40:17
BRÍET,6opz1Ax3VqCmeQBGax1erx,,2025-06-18 02:40:17
Jeansboy,2nYe3KXA5KldRLU6Zak0hw,,2025-06-18 02:40:17
Sedona,4ai3OpxVFijS26mHVzevoi,,2025-06-18 02:40:17
Seago,0bDqmuVnpecyZQuXZ7i85s,,2025-06-18 02:40:17
Chanel Beads,3x11XrMEnyP18hv73pmKRL,lo-fi indie,2025-06-18 02:40:17
Samara Cyn,4nqQTosM2Mbg7iRjvJU0N0,,2025-06-18 02:40:17
Chenayder,0BXnfQpsxFevtKePq6eX4y,,2025-06-18 02:40:17
skaiwater,1URVdcNYXigvk6Dj0fHYOM,jersey club; hyperpop,2025-06-18 02:40:17
mynameisntjmack,7HY1ISUuRotG01FVu0PKWh,,2025-06-18 02:40:17
Kaicrewsade,4WgDm2J3jztBZSc1S0lMsx,,2025-06-18 02:40:17
FRIDAY*,0blI5gUBCHXkvOYrJ8kRvk,,2025-06-18 02:40:17
tg.blk,24ygMLBnr7isvmgvAx2Phm,jazz rap,2025-06-18 02:40:17
Daniel Noah Miller,0ofVQtXisiSCBVTW9tNUTS,indie jazz,2025-06-18 02:40:17
Anycia,4bOqkIGQCcuZgjfDxNuX1I,sexy drill,2025-06-18 02:40:17
Hailey Knox,6PgkNi6EyAfgiKtFwAwvbH,,2025-06-18 02:40:17
Benjamin Earl Turner,2TUB08yLNa9nOKoPDxh7mv,,2025-06-18 02:40:17
bby,04PoYcw0Zcevr7MQC0kzUM,,2025-06-18 02:40:17
4batz,5fi7lIgJGH3RgUpJYcffQ7,,2025-06-18 02:40:17
Amindi,1xQIR56DxgWYZPUvOLRIua,dancehall,2025-06-18 02:40:17
Devin Malik,3mhGKo6sIMtVoPUu3t9p16,,2025-06-18 02:40:17
KARRAHBOOO,3vXXs7JjWfPO0YHhDnj4SP,,2025-06-18 02:40:17
FELIX!,1DN9Pgv4fiAaRSSgiisj5G,,2025-06-18 02:40:17
Rahill,0a0L1YLGhMT64hsSh9M9aM,,2025-06-18 02:40:17
SadBoi,7kpAW7boBJFRFCMydZpjUd,sexy drill; uk garage,2025-06-18 02:40:17
Creams,6n7sKOK6qxbEU98EomhFZc,,2025-06-18 02:40:17
ivri,5EjK7aUvQ9LMNqc2zXiWLS,,2025-06-18 02:40:17
RealYungPhil,4DnRQspXhzqgCMkJJmOS4T,cloud rap,2025-06-18 02:40:17
Nourished by Time,7zNkqI6qRr0OJ4XO1Pw29g,,2025-06-18 02:40:17
Veeze,0B3kMiB21aPQlKumGDr4c7,,2025-06-18 02:40:17
Ovrkast.,4YISTUJnoZtAy6LjgOpRL7,jazz rap; experimental hip hop; alternative hip hop,2025-06-18 02:40:17
untitled (halo),3r9Q5Yy2TA8QG4CtJlvhIn,shoegaze,2025-06-18 02:40:17
LIA LIA,2ZrAyY9nzikL0YAMgN4OUR,,2025-06-18 02:40:17
Alex Banin,2fTTmPI3XaJwqM19w5QiRz,,2025-06-18 02:40:17
C.S. Armstrong,6MxR3Hjf2uTSew9wmKbOwO,,2025-06-18 02:40:17
Cisco Swank,1LlKtmnluANdN9NzI1jsIp,,2025-06-18 02:40:17
bar italia,6tYmTHApvspl6KAgTfHjAY,lo-fi indie,2025-06-18 02:40:17
Highway,3ipYF6lYiU7lmIb5k3JGej,,2025-06-18 02:40:17
Clark D,7DruDtmm0jIP34WP7PeuF4,,2025-06-18 02:40:17
Gretel,39HYn2OCDJFkUauHXqwBsG,,2025-06-18 02:40:17
yunè pinku,2sY4BbYrbvNVgsNzo6HddD,,2025-06-18 02:40:17
Snow Strippers,6TsAG8Ve1icEC8ydeHm3C8,electroclash; witch house,2025-06-18 02:40:17
Wiseboy Jeremy,5ZQZ8mF4XRy12gc0SyFb0V,jazz rap,2025-06-18 02:40:17
CONNIE,1DevMHY3GQWCIDWbkoaHQe,hyperpop,2025-06-18 02:40:17
King Isis,7jz1wM1NdiskFWrlosZhVw,,2025-06-18 02:40:17
Destin Laurel,33hj9n9Y19jGhXk8m7ezKR,jersey club; sexy drill,2025-06-18 02:40:17
Kara Jackson,2lciIw4vq0jQqevXA2TEUl,,2025-06-18 02:40:17
Nia Archives,7BMR0fwtEvzGtK4rNGdoiQ,jungle; drum and bass; uk garage,2025-06-18 02:40:17
hemlocke springs,52PdgUJOjvS6Mpmjy1SAlx,,2025-06-18 02:40:17
AntsLive,3JYp3dC5wTBWagBRR5fjpk,,2025-06-18 02:40:17
Nate Brazier,4cavlP5GhgtNXiWSS3wIO7,,2025-06-18 02:40:17
jev.,6OmxkansdRyVTvo6BpZzKF,jazz rap,2025-06-18 02:40:17
Abby Sage,4aej3kKLxSLM0WauTSfZ7k,,2025-06-18 02:40:17
Lola Young,67FB4n52MgexGQIG8s0yUH,,2025-06-18 02:40:17
Jack Boyd,7riSp70grwJBgN0Kn5OqIw,,2025-06-18 02:40:17
Boyish,6VgPyGeGO86DztjK7GCYT3,indie pop,2025-06-18 02:40:17
Destroy Lonely,1HPW4jeRjXBFRoUnSvBzoD,rage rap,2025-06-18 02:40:17
TiaCorine,39i5B6umzWzkfMe12JrMwW,,2025-06-18 02:40:17
Patrick O'neill,66VmY2NGXnd4vjm3d6hGuX,hyperpop,2025-06-18 02:40:17
Ethel Cain,0avMDS4HyoCEP6RqZJWpY2,southern gothic,2025-06-18 02:40:17
Portraits Of Tracy,34QizBjxVeMcA5HlZpKxxE,,2025-06-18 02:40:17
Montell Fish,5nvWOyAkfNgVLKESq4fOj2,,2025-06-18 02:40:17
See You Next Year,3mnEJbJCTZp20eZKvOTr4r,,2025-06-18 02:40:17
See You Next Year,6NV0b1K9BhoZYSBk9ZPnWv,lo-fi indie,2025-06-18 02:40:17
re6ce,4ULUpM5hJYKWhWdIViYrGK,hyperpop,2025-06-18 02:40:17
Errol Holden,6Hnyhlg5BXoWxxHyJ2OaEP,,2025-06-18 02:40:17
CLIP,3gkLLAZaxTaJhHnUaxQzCl,,2025-06-18 02:40:17
MARCO PLUS,6Agwo4UWzZes5CDUMFFlvU,,2025-06-18 02:40:17
Groupthink,6RQvRKNtkO1CeNyGkY8ok0,,2025-06-18 02:40:17
Izzy Spears,1CtOGEEFiGo6e2s6ySsY9P,,2025-06-18 02:40:17
Lelo,6RcgNRwyY9YNTXd9luk8JW,,2025-06-18 02:40:17
Ghais Guevara,7zQ4NNGWgCVWU80Rg6dXOH,experimental hip hop; hardcore hip hop,2025-06-18 02:40:17
Tahj Keeton,0VlzkyVl1VwpMFTG8sRPhj,,2025-06-18 02:40:17
Che,5A7T1LAGJg5NXySBoIKUmF,underground hip hop; rage rap,2025-06-18 02:40:17
Monét Ngo,1fEFxSI9yJtuiUipeHuBLw,,2025-06-18 02:40:17
Teenage Priest,4BzY7yI5iqNP7OmEtO0a34,bedroom pop; lo-fi indie,2025-06-18 02:40:17
brakence,4kqFrZkeqDfOIEqTWqbOOV,hyperpop; glitch,2025-06-18 02:40:17
Bliss Samsa,5Jb935Bdh5o2pBYzXFSFU6,,2025-06-18 02:40:17
d4vd,5y8tKLUfMvliMe8IKamR32,,2025-06-18 02:40:17
Dreamer Isioma,6u6AbTVrbabv27DLcSrF8i,alternative r&b,2025-06-18 02:40:17
Hether,5O35zGUolf87RATk2NgSD3,bedroom pop,2025-06-18 02:40:17
Dash George,3KZqURvkchgJNMCYwrf4Mn,,2025-06-18 02:40:17
BLEACHERS ONLY CHILD,2wdX5PPLfhbrP3XHlLBUA2,,2025-06-18 02:40:17
Zane Alexander,7mamq9QaU5yKlmvI31ei0K,,2025-06-18 02:40:17
Diz,1mz96NTqUI57Au0t28JyBK,experimental hip hop; jazz rap,2025-06-18 02:40:17
kurffew,7rxyD0KDWwZ86aQNWfkJhz,,2025-06-18 02:40:17
Tobias,2XfJDeJW8WypSlrm2IBuhB,,2025-06-18 02:40:17
Fazerdaze,2awB7Ol181cocZcLLNBBAh,dream pop; shoegaze,2025-06-18 02:40:17
Romeo + Juliet,7FZu3dX3gmWstmpFvfpUo2,,2025-06-18 02:40:17
Blondshell,7qrEXiLLnWkkYHhadZ1Oij,,2025-06-18 02:40:17
Mike Dimes,6rIaHuCIUu32uj2CjlEBN3,,2025-06-18 02:40:17
Madhouse,5bScfl9QpBaP9DOmlIqQUY,,2025-06-18 02:40:17
Hamond,2UnmGif8M5Hb5doxZIIDKR,,2025-06-18 02:40:17
Santangelo,23PgufXbWsCNunDb9szzKk,,2025-06-18 02:40:17
VNTAGEPARADISE,1CNWc002HIjxcExG4sS0i0,alternative dance,2025-06-18 02:40:17
EKKSTACY,0ynzbXwyCzxicMKHBoOkSH,,2025-06-18 02:40:17
aldn,2GUw9Wzha61PkZoRVv1PDD,hyperpop; glitch,2025-06-18 02:40:17
PinkPantheress,78rUTD7y6Cy67W1RVzYs7t,bedroom pop,2025-06-18 02:40:17
Terry Presume,4JLuMu6NZUAU8gYhrzvOdX,,2025-06-18 02:40:17
Fatboi Sharif,5HJ4w3pMArwtZi7xywAEWj,experimental hip hop,2025-06-18 02:40:17
Fana Hues,4yJHrytMK7mqtKsXVGaBNg,alternative r&b,2025-06-18 02:40:17
SoFaygo,2SJhf6rTOU53g8yBdAjPby,rage rap,2025-06-18 02:40:17
Jim Legxacy,7IrBqZo6diq3hV3GpUhrs2,uk r&b,2025-06-18 02:40:17
Saya Gray,4EnymklUyqZwvmHQGlRssl,,2025-06-18 02:40:17
Flozigg,0pTI6gG0UHQjylvV6mPuHv,alternative r&b,2025-06-18 02:40:17
Eddington Again,1qx1wjImNcB4QRgT6OQceR,,2025-06-18 02:40:17
Babyface Ray,3zZ88AwlTwfCJkowsFCvLA,,2025-06-18 02:40:17
Jelani Aryeh,7A47sEe0ih6WpKmNCRMu86,,2025-06-18 02:40:17
Memphis LK,7z3XgqpRYdNJ7RvEUlYaUe,stutter house,2025-06-18 02:40:17
underscores,7HfUJxeVTgrvhk0eWHFzV7,hyperpop,2025-06-18 02:40:17
psykhi,6Jv3pqZlwHy3RlsfdBGbRc,,2025-06-18 02:40:17
Ben Reilly,4lrP5UPxljRj14uzlXgZgv,,2025-06-18 02:40:17
reggie,2kAP2prnGAq7s3DwRT6s16,,2025-06-18 02:40:17
Paris Texas,1SCrMreNPJYSRZIlRe9SUq,alternative hip hop; experimental hip hop,2025-06-18 02:40:17
Provoker,62s5q1tm3UAcRnbGY9CCI9,darkwave; lo-fi indie; post-punk; cold wave,2025-06-18 02:40:17
dreamcastmoe,05PeUup2zYw9VOGnaknbn9,,2025-06-18 02:40:17
They Hate Change,6ht9VksrtRJDQXKzC2BZ3d,experimental hip hop,2025-06-18 02:40:17
Blxst,4qXC0i02bSFstECuXP2ZpL,,2025-06-18 02:40:17
AUNDREY GUILLAUME.,0hmpMYlhI8DfPLGY6VLwHa,,2025-06-18 02:40:17
Fousheé,6trIghKwHRUyxwvm66HLHH,,2025-06-18 02:40:17
AG Club,22KyrgRdE2K6aB5wtZls3c,alternative hip hop,2025-06-18 02:40:17
Teezo Touchdown,0fGcIStdT1OpFFhOC7Wp36,,2025-06-18 02:40:17
glaive,4cJKDGSv4Dz9QycXYmo565,hyperpop; glitch,2025-06-18 02:40:17
SAIAH,5ZPYeVqoWNuukwfarvkyJX,,2025-06-18 02:40:17
whiterosemoxie,3XlPXxJwM5utJ5D0PiBugV,underground hip hop,2025-06-18 02:40:17
Mercury,6aIZIwesnYKR6ZN1fIerPZ,,2025-06-18 02:40:17
Bartees Strange,6Gl4Q3ePw6HKMfIOix5QpG,,2025-06-18 02:40:17
Q,22vqVhfPJab5kkU9txDGX3,alternative r&b,2025-06-18 02:40:17
Jany Green,1Qg99NvQcJaAMmmDl6nPRv,,2025-06-18 02:40:17
Brevin Kim,7lU8Gtn7moZmPqqu4oPkEh,,2025-06-18 02:40:17
BLK ODYSSY,062tCT8GVioC9EMiI9jeOV,,2025-06-18 02:40:17
Tommy Richman,1WaFQSHVGZQJTbf0BdxdNo,,2025-06-18 02:40:17
gum.mp3,3ENnUCpAIcPmffEj736hNa,breakcore; jungle; rally house,2025-06-18 02:40:17
WIL$ON,1JIgcZTvB6nLvFwsEOgnbI,,2025-06-18 02:40:17
Take Van,3BLx7avD36sNpMNA1nZ7Dj,breakcore,2025-06-18 02:40:17
Wakai,5id04zWscpprjAk5py8fkx,jazz rap,2025-06-18 02:40:17
papa mbye,5JVtTuCBPvUOTZ2YjrAPTp,,2025-06-18 02:40:17
Tom The Mail Man,1ueFyDvrq8tCjAd6x8AVxD,,2025-06-18 02:40:17
AJRadico,6n7llPn2HLKS375ZyJQ2VR,,2025-06-18 02:40:17
Jean Dawson,7vNNmjV14SKQzlQAEg0BXP,,2025-06-18 02:40:17
BBY KODIE,7Mkl8rsG7ZMoh0SZPuVZUW,,2025-06-18 02:40:17
Unusual Demont,5KpmWCJ5NqsY9meqhjwbxR,alternative r&b,2025-06-18 02:40:17
SSGKobe,1NHCwCMqV9oNQJXl16IltL,rage rap,2025-06-18 02:40:17
Liv.e,0YCL71Clky5els6NireSBP,alternative r&b; experimental hip hop,2025-06-18 02:40:17
Mustafa,1zkKkDDra0jlsiJYz57P3P,,2025-06-18 02:40:17
ernest rareberrg,46dVUKwnMDdVFUX7Zz28fB,,2025-06-18 02:40:17
SONNY,3KDKJ7Z0kgJrQS1CH43PM4,,2025-06-18 02:40:17
KennyHoopla,5ObBtv5VunwwhQaXXnUrsM,pop punk,2025-06-18 02:40:17
M.A.G.S.,1EEbOYIZFHRuGEgL39cN3s,surf rock,2025-06-18 02:40:17
María Isabel,318bGJ7GOvMhYhkNOe5kZ5,latin r&b,2025-06-18 02:40:17
Arlo Parks,4kIwETcbpuFgRukE8o7Opx,,2025-06-18 02:40:17
Jordana,5Bw9kFNhy019e4IBCJZlzw,,2025-06-18 02:40:17
sqip,6DL4rhjtux4udnPtjnFy1B,,2025-06-18 02:40:17
Magdalena Bay,1oPRcJUkloHaRLYx0olBLJ,,2025-06-18 02:40:17
ICECOLDBISHOP,04zbRSHjzlQYvV31SW7qZ4,alternative hip hop; underground hip hop,2025-06-18 02:40:17
Al-Doms,2SjTz6It0TjopEYQjJMxqb,,2025-06-18 02:40:17
Issy Wood,3nyoodEXBH2JZUcZuT4KhU,,2025-06-18 02:40:17
Thoom,2Tpvy7ryLgM835gDgN2nL5,electroclash; hyperpop,2025-06-18 02:40:17
Elmiene,2CLclpIC43fLzsYq6LQvlL,uk r&b,2025-06-18 02:40:17
Sideshow,53xeKWbSRuGgTxViJTAZKC,experimental hip hop; alternative hip hop; jazz rap,2025-06-18 02:40:17
Junia-T,0OnVUhC12ynNpOuQsRgXLl,,2025-06-18 02:40:17
JGrrey,66rDbD3tWR3M1uNuIaDAGx,uk r&b,2025-06-18 02:40:17
T H R O N E,5HJUfIMq0X1ZoVNeJhLhAl,,2025-06-18 02:40:17
SOBER SEVEN,2WE7sLF9upZbJ220TV0qkX,,2025-06-18 02:40:17
Avenoir,3Z7onAknzpinUu3KtmgeZb,dark r&b; alternative r&b; r&b,2025-06-18 02:40:17
Jerome Thomas,3w3vmT2hRskRBwDZdjUlAp,neo soul; uk r&b,2025-06-18 02:40:17
Lovage,2AgMAiv3MvgQMwYrnLBeje,trip hop; downtempo,2025-06-18 02:40:17
The Spooks,5UEdalZXwxU3mzNl1xWr5y,,2025-06-18 02:40:17
Terrace Martin,7MNEVabc4cs19CbzAFZmXz,neo soul,2025-06-18 02:40:17
Frizzy P & Mr Cole,0wI3LzADu9herA70Ln81OU,jazz rap,2025-06-18 02:40:17
blackwave.,0nvdwVbj7NT1WL9P8JowLD,jazz rap,2025-06-18 02:40:17
Pale Jay,7H3z77VbkJcCcFilmKqKNM,retro soul,2025-06-18 02:40:17
RUBII,3gN8Ihw22Vt9mnK97gbwMQ,,2025-06-18 02:40:17
Gotts Street Park,2hwy5DELim1AxB1sHPqn4y,,2025-06-18 02:40:17
SiR,3QTDHixorJelOLxoxcjqGx,alternative r&b; neo soul,2025-06-18 02:40:17
Joseph Nevels,6gXOSQ7WdaujwyIgb2p0O0,,2025-06-18 02:40:17
Joseph Lawrence,69XFaEPeBh41fbWxQMD8X4,retro soul,2025-06-18 02:40:17
Wayne Gutshall,3NZARO6nEASwZgTKy1t4pu,smooth jazz,2025-06-18 02:40:17
Antoine Mistico,7nRpx3i5aNefrsPwvlD9ma,,2025-06-18 02:40:17
IAMDDB,7za6M9P94wuMsOVCHopTsI,alternative r&b,2025-06-18 02:40:17
D'Angelo,336vr2M3Va0FjyvB55lJEd,neo soul,2025-06-18 02:40:17
Ley Soul,04BNblybwoPZhAYiKPLKUQ,,2025-06-18 02:40:17
Chezile,1EmdfupUQDpXOcb4Nj2mBH,,2025-06-18 02:40:17
Snoh Aalegra,1A9o3Ljt67pFZ89YtPPL5X,alternative r&b,2025-06-18 02:40:17
Christen Asante,3W9ESUxFH9o8nraVTZMmrX,,2025-06-18 02:40:17
Nick Powell,2sA97dLh2yj4eeY78QGuwA,,2025-06-18 02:40:17
"Honeybear, the Band",1t3BkCQTMTGykNPpmj7drk,retro soul,2025-06-18 02:40:17
Blacksmith,3eSCq2mHL5JuADXu2vEAs5,jazz rap,2025-06-18 02:40:17
James Tonic,7eDGkEF3YrLdMyc2dSrW3z,,2025-06-18 02:40:17
Pink Siifu,40ZElxHldNyvn7x8WRC6fh,experimental hip hop,2025-06-18 02:40:17
Sophia St. Helen,0BIz1WhHL99b1MefAhr401,anti-folk,2025-06-18 02:40:17
Thee Sinseers,5unhEp2PoIxAgEFNEyYdJS,retro soul,2025-06-18 02:40:17
Big Sean,0c173mlxpT3dSFRgMO8XPh,,2025-06-18 02:40:17
Ladji Mouflet,2NNTIDSDRlsf4lzYW9fpKm,,2025-06-18 02:40:17
Apollo Brown,151BUVKmiB9rHDjIkgbeVE,underground hip hop; boom bap; hip hop,2025-06-18 02:40:17
KIRBY,5lcDGoJUr5WY5bCFAfYbCU,alternative r&b,2025-06-18 02:40:17
Magic Slim,0uDA9BcTnKIPpNcZX6ZY3x,blues; classic blues,2025-06-18 02:40:17
Frank Ocean,2h93pZq0e7k5yf4dywlkpM,,2025-06-18 02:40:17
Bellah,6UZk0TOb0uZ1JWa3BW81FQ,uk r&b,2025-06-18 02:40:17
Buster Benton,3eBGrFX7u2Py7eiwvwosc4,blues; soul blues; jazz blues,2025-06-18 02:40:17
Half Moon Run,3ceQN2NVlLg1hgTzljDE4n,,2025-06-18 02:40:17
Erick the Architect,2mQLwfvZtvtTbipKn3xHmK,,2025-06-18 02:40:17
Nujabes,3Rq3YOF9YG9YfCWD4D56RZ,jazz rap,2025-06-18 02:40:17
Viktor Vaughn,0wIb0PhwT3disoWykRhq6V,experimental hip hop; alternative hip hop,2025-06-18 02:40:17
Family Company,68TMIdW3csuFrzKleLKrM0,jazz funk,2025-06-18 02:40:17
Ezra Collective,5BRAUN0yN8557PLRZIr02W,jazz rap; nu jazz; indie soul,2025-06-18 02:40:17
CZARFACE,4John8fJ3LKqFho0pselVr,,2025-06-18 02:40:17
Illa J,72zigmOdJbIsz0iIRhCBvp,jazz rap,2025-06-18 02:40:17
Derik Fein,7CzURHjIfP0ClUnjVRyF1i,,2025-06-18 02:40:17
BINA.,2cOj9uwYqm3PHx1i5n7BkC,uk r&b,2025-06-18 02:40:17
Celeste,49HlOY4gkHqsYG9GCuhkcc,,2025-06-18 02:40:17
Latimore,0nVQLK3LSM9SFP5xp64D7a,blues,2025-06-18 02:40:17
Chance Peña,4lhUHpVOXmkEBGGHV71QCh,,2025-06-18 02:40:17
The Teskey Brothers,2nTjd2lNo1GVEfXM3bCnsh,retro soul; soul blues; blues,2025-06-18 02:40:17
Carl Carlton,6gYjIUFuKIBVJfxXnmrd5P,,2025-06-18 02:40:17
Monophonics,6LXZac7iBIZgnNrywTkQRw,retro soul,2025-06-18 02:40:17
Saun & Starr,6m4tJuf67jwVSvMP34hrck,retro soul,2025-06-18 02:40:17
The Paper Kites,79hrYiudVcFyyxyJW0ipTy,indie folk,2025-06-18 02:40:17
Tracy Chapman,7oPgCQqMMXEXrNau5vxYZP,,2025-06-18 02:40:17
Robert Finley,29mRqqZ15WaYjEsKNzcRkv,blues; soul blues; modern blues; southern gothic,2025-06-18 02:40:17
Tia Gordon,5rXNmuTfaGC8hw0JEQOpLc,uk r&b,2025-06-18 02:40:17
Wale,67nwj3Y5sZQLl72VNUHEYE,,2025-06-18 02:40:17
Flunk,1Tz1kM5vFyBpzD22fHW609,trip hop; downtempo,2025-06-18 02:40:17
Michael Kiwanuka,0bzfPKdbXL5ezYW2z3UGQj,soul,2025-06-18 02:40:17
Malditho.wav,2mVbSDSh4uuUvQFpJfv3x1,,2025-06-18 02:40:17
FNTSY,0XdJjN0kG67wwImCDtNxfH,,2025-06-18 02:40:17
Ginton,4Fx9JQTrRogacwiF4Drhoy,afro house; latin house,2025-06-18 02:40:17
Otis Redding,60df5JBRRPcnSpsIMxxwQm,soul; motown; classic soul; soul blues,2025-06-18 02:40:17
Snowy White,4DMlDJn7CPSSS0DuUf1vrH,blues; blues rock,2025-06-18 02:40:17
Jeff Buckley,3nnQpaTvKb5jCQabZefACI,,2025-06-18 02:40:17
The Internet,7GN9PivdemQRKjDt4z5Zv8,alternative r&b; neo soul,2025-06-18 02:40:17
City,7JRN2zE9GRXmVLj2UgNWtN,neue deutsche welle; schlager,2025-06-18 02:40:17
McKoy,7ap3Efzaf5HUcjgozkUvEW,,2025-06-18 02:40:17
Okayden,4b8wfWoZeG88UiRae54oH3,,2025-06-18 02:40:17
Elecprote1n,2xjeyiw2CsGHyVhT7SUapN,,2025-06-18 02:40:17
Z.D.L,3EXDH3PzVYjAXn6HlyDQgq,,2025-06-18 02:40:17
Json Pol,31WRXulUcjW4VrdtQRP99E,,2025-06-18 02:40:17
TAPU,2ZD3x5CxnJdQLsU3WeNH6F,,2025-06-18 02:40:17
Duke Cane,4WZQHE2xAU3EfBChDKaIjU,avant-garde,2025-06-18 02:40:17
Løuis Mørgan,2XiatN9tvGkTX1fIDVqxuE,,2025-06-18 02:40:17
Machi,54XTLAQlULnBaSgaaBiaz1,,2025-06-18 02:40:17
KLM,6j6OXWcUppPnIwgSp0hE5A,,2025-06-18 02:40:17
Vienna I,4D0XzDSQd6kMQOIfvfdZX2,,2025-06-18 02:40:17
Keriah,4bZ6zPZqyysVBP5lRQfgXy,,2025-06-18 02:40:17
Baba Turc,5LV0sTofIHff62Qt1c70ej,,2025-06-18 02:40:17
Álvaro R.,3WrZHmVYBe7gRM64SIouMS,,2025-06-18 02:40:17
Hurricane Sam,41mUdFEN38NYaTIVZFauHK,,2025-06-18 02:40:17
Laura Vetty,2GcoznLAbt47bKEYnw7aTM,manele,2025-06-18 02:40:17
David Nabs,5KwHf3Zk43toXV1PrDvFL4,afro house,2025-06-18 02:40:17
Adam Mc Taz,3NhilYttfmnuxdvzo0lsFX,,2025-06-18 02:40:17
Enaque & Nujord,4oz49kHEU7DGiYc0rBZUVu,afro house,2025-06-18 02:40:17
AGON,7ekkWpaENoJp9DD9P92D0C,,2025-06-18 02:40:17
Bruklin,4fjAtF6VmMxQHxKI5C3HPO,,2025-06-18 02:40:17
Rodney Hazard,3VZfdbUH3UqY7GNDgycfb2,,2025-06-18 02:40:17
Puerto Mariel,4RYkqvK3dICXDfPhGaQa1C,,2025-06-18 02:40:17
Felix Flavour,7HXRi7sw5kDEROjJ3LsvYk,amapiano,2025-06-18 02:40:17
RMA,4oec5igR3Vg3bsftusWtlL,,2025-06-18 02:40:17
Leif Daniel Isaksson,755o76uW7R15KzvVPmeqRZ,,2025-06-18 02:40:17
Apollo Mantikos,2uJbu6jseE6pkBw0atlcBR,,2025-06-18 02:40:17
Smoke Damage,58QtvELgH87y1MJp5ibPEj,,2025-06-18 02:40:17
Yọmí Adé,6R2u7VVJLgKvXQwsj9Vmxe,,2025-06-18 02:40:17
The Lovekiller,3XTgWLoxDGFr3VLC5Wq4j2,,2025-06-18 02:40:17
Billy Zain,4Ee9brJj365XxmzTtgz3cA,,2025-06-18 02:40:17
Rdelfino,319atF8g3d11NUbjHKFvss,,2025-06-18 02:40:17
Giovanni Pacifico E La Badessa,0tjkiKWpsIDjhx41s2ofWe,,2025-06-18 02:40:17
Nate Wyatt,1N9NZiOruq1d1fMdpYuwwg,stutter house,2025-06-18 02:40:17
Dr. Evangelos Viazis,4xnY1CcLZsB53c5kcAVlB6,italo disco,2025-06-18 02:40:17
Sonson,5fqxSk28Yc34R5suBUI4bj,,2025-06-18 02:40:17
Fair N Square Music,03D2qQE7PAaOIu5mxIoYba,,2025-06-18 02:40:17
Raul Jorge,15qcQMzuvBnPEU3pT3Csop,,2025-06-18 02:40:17
Dj Remo,2rXNDwn76DVzIrU2ytI7nW,,2025-06-18 02:40:17
Kinna Mone,3yterA1sW48hKQQC1ynk3w,,2025-06-18 02:40:17
DJ Piscine,5gmP8CSKXAQLjluN6WR93o,melodic techno,2025-06-18 02:40:17
